diff_mean,diff_sd,observed_mean,observed_sd
6.347717,0.007562784,6.364104898090982,0.010638896313927157
4.35035,0.011959432,4.32078455672506,0.01972476068363809
4.1975303,0.013206738,4.242030362962615,0.01881793955677737
4.3527927,0.014783987,4.341922462158877,0.021757785236471393
4.179038,0.018961538,4.20816720667026,0.02023387713486231
4.242014,0.011887652,4.248919248704352,0.01808132749901095
3.9832597,0.014267757,4.038307449905531,0.01966993307725939
4.0058584,0.015347082,4.072931832332576,0.02021070413455991
3.9054337,0.014301198,3.910358066204297,0.019135567605312123
4.5864263,0.010181554,4.611401061432439,0.012389864704251777
3.7901633,0.013829055,3.750213650731249,0.01602748054671443
4.004948,0.01453824,4.097755719703626,0.01583457519999895
4.5141606,0.005577677,4.528310168194654,0.00547350605135042
4.1044784,0.008060586,4.224400920655837,0.009584202593883706
4.0155053,0.012722645,4.086024655683538,0.014888805612303052
3.7177427,0.01158189,3.7695940522905373,0.01481551225188025
3.845719,0.0072216974,3.8790997975089576,0.008286114757332543
3.683923,0.009099894,3.7789816038952466,0.01082740223435457
3.771553,0.006174489,3.831942885595275,0.005981039204638113
3.431389,0.009611301,3.4405434165219098,0.011305400819708041
3.700702,0.008077074,3.6721109153897418,0.009433844240407645
3.3266609,0.00864492,3.43389906089947,0.011768108573956208
3.0726454,0.013856842,3.0597584481396716,0.01752177028490642
3.5189292,0.00759484,3.6286707889416068,0.009025790743712377
3.1411297,0.011063931,3.169733158880289,0.011455417822655616
3.213337,0.010458943,3.2839268834839195,0.010154782597087852
2.9285376,0.012306625,2.851210380919481,0.012471081098752754
3.318374,0.012356155,3.320343838636722,0.015027550638836523
3.195967,0.008333949,3.1502452789887814,0.008286500308253085
3.4192035,0.007972818,3.4126978380286213,0.011411982739754158
3.389252,0.007780975,3.48368407234147,0.010025285048539613
3.4745786,0.006872016,3.534367903858134,0.0075576114987571
3.4924786,0.006486042,3.553392562302086,0.010564789762320356
2.8995793,0.012306405,2.90417945244533,0.012363986217423052
3.1384358,0.0098097995,3.1937255939183107,0.01146498948517003
3.3004923,0.005851141,3.2940467168935217,0.006763726196154209
3.5116093,0.0047157947,3.5015310619823037,0.006137901416026943
3.143384,0.010793727,3.2156115438477135,0.015486736140899099
3.2562044,0.011133986,3.251149852036023,0.01232186162358293
2.337176,0.017286845,2.158140425383687,0.020039580774451334
3.3925734,0.004704642,3.405632972571228,0.006020330992950454
3.2727022,0.0057756994,3.3388459662814785,0.007172388805847055
2.9890416,0.0061269104,2.983181149037468,0.0072136587134076615
2.6944597,0.0089373775,2.6257236547548466,0.010615022368300153
1.1080065,0.015154963,1.1500650698661692,0.01843461545477944
3.1618886,0.009097722,3.1621951925428413,0.01108827449263194
3.2404444,0.0042001666,3.2712171650706243,0.0048921658166619945
1.7865707,0.014288156,1.7733512966358174,0.016651802114047785
3.0778935,0.009027212,3.0091876724016204,0.01015773573921595
3.0131652,0.006022026,2.962046150624307,0.006474493890670181
3.3115704,0.003337233,3.291275737604683,0.00457513002076824
3.0169628,0.007727918,3.093799097959497,0.011310440598156175
3.0686862,0.005395661,3.1229939895757863,0.005994012667000982
3.1591017,0.005627429,3.2043912227670073,0.008876939409164822
3.1823392,0.0052226335,3.2339377898762924,0.007468113813519435
1.7005652,0.015753819,1.642636219641471,0.017305307441004548
1.9487305,0.010085446,1.9092492804973746,0.014289424811906907
3.0745866,0.0052530924,3.147632170067633,0.006356360117915746
3.1259348,0.0075823823,3.1255524313625513,0.0076777445037668705
2.6168005,0.011210383,2.588855464437749,0.01043575423411969
3.063483,0.007513823,3.0621658392955657,0.007746595052862111
1.9555789,0.014262783,2.0262068726922946,0.021119802160967413
2.9730918,0.0061976803,2.995094716888845,0.008732027524839016
2.9595134,0.00678639,2.987168120960132,0.007405282239964955
2.221534,0.00978979,2.22933086739967,0.013873472854793883
2.0351455,0.016636763,2.0859231728685645,0.017857058083612477
2.6206179,0.010006581,2.680942024980995,0.012346272423965497
2.765324,0.0063139596,2.8262390912703936,0.006969510911811939
2.5343978,0.009957148,2.5695220877833744,0.014249121076118766
2.9778004,0.0076029752,3.0122627723740694,0.009135045723877952
2.7128367,0.010981164,2.7199553167441284,0.010285829145611332
2.897153,0.0050642816,2.8529376724709996,0.006704005555762994
2.863351,0.0046202955,2.8423917696306003,0.005460865142626046
2.8273325,0.008524224,2.9097308568142637,0.0087333831478822
2.0796397,0.00998062,2.062616578853532,0.012966333656236237
2.5187204,0.012038218,2.540907992957933,0.013619803313909962
2.6987987,0.008108895,2.715606137335874,0.007929272139513667
2.8359077,0.0057126614,2.835927567316378,0.006800516968727882
2.7952886,0.0050106165,2.857546351864537,0.005720876140936996
2.719228,0.00659255,2.7234793340743364,0.007100267939645211
1.5252975,0.015170536,1.6222089840648568,0.020015467702534574
2.9191425,0.0065850727,2.9080876664973587,0.0074042103275350525
2.9445958,0.0043400363,2.943752932524447,0.005890529493152466
2.9205704,0.0042240745,2.9207625735980964,0.0052362447738162135
2.3881407,0.013136882,2.5062148231320798,0.01538452537110093
2.7773063,0.0041904445,2.860525294718659,0.004468770980069048
1.9901322,0.0146029815,1.96370543291134,0.015845441448792272
2.6946967,0.0067009362,2.7537336030796835,0.011952065882031666
2.817435,0.0042377496,2.8455126301072697,0.0045681395234890235
1.5317378,0.014708905,1.4625610121902899,0.01515971936307854
2.729322,0.006244287,2.8059447436834577,0.01073487850152582
2.554779,0.012048512,2.4990275881066335,0.011347052754526913
2.5571032,0.0077957995,2.537555125102953,0.009010117123013948
1.9824604,0.013674246,1.936385612016436,0.015355625510325628
2.847812,0.0038824496,2.860313392226756,0.005630426065388028
2.549616,0.009904546,2.5329273056864126,0.012140280357036393
2.5730767,0.0094788065,2.4921836377559687,0.009770895545277124
1.8189896,0.012162056,1.8294451309390478,0.013416449622392312
2.7508178,0.00719373,2.7097003019262966,0.008985565035822544
2.6955574,0.0074283145,2.7039525269676017,0.011410385686438719
2.7019503,0.0057287123,2.7219490378427293,0.006618417957249229
2.6479962,0.0038800773,2.654977075015155,0.004666416899450051
2.269548,0.011675302,2.190203889820485,0.01258273042443798
1.6312329,0.012732044,1.6685516231937971,0.01358264838482472
2.5706813,0.005107419,2.5323248172223813,0.005999587239527305
2.6883194,0.005449113,2.7296461885073975,0.006217979597412041
2.4873273,0.00783328,2.473134652411178,0.008829049450452717
2.3611302,0.005394841,2.3558106318598995,0.008790638882231677
2.5635865,0.009056269,2.6778351415498474,0.009481874386444149
2.731675,0.0035585205,2.7343324661252586,0.004844071467623182
1.991784,0.010042338,1.9616400622540553,0.012650234453765275
2.6845195,0.0056690397,2.6726341429615665,0.006798826720933871
2.3415723,0.009850552,2.4230944254488636,0.014465956196453035
2.4758987,0.006322036,2.454986862656021,0.007649566952840297
2.7282193,0.002984702,2.7250304167025705,0.0043166752618601575
1.9909309,0.010900776,2.0178777028675645,0.012775242820460643
2.639946,0.004790945,2.6438060283835383,0.006230834631044469
2.4977815,0.008225366,2.596172349411671,0.00916180877046884
2.194538,0.012379945,2.2216726709478802,0.012935340163884394
2.699368,0.003812394,2.689031638106659,0.005517733331018721
2.523518,0.0069465977,2.5166378921656407,0.010011238234513024
2.56901,0.0056172376,2.5432111461195803,0.0075652916612846555
2.4121099,0.0059951,2.4964993819589183,0.0064322312096493995
2.4185936,0.0060371812,2.457749198842589,0.007352525691307266
2.6613555,0.006702214,2.6138402266120546,0.008367964383855054
2.288362,0.009644616,2.3792716233719244,0.012744371932598862
2.4306571,0.0063737407,2.412131910860857,0.006903450770579423
2.462349,0.004924641,2.4101613080791933,0.007209241316926218
2.5278952,0.0045214486,2.591637789010318,0.005845894912753005
2.5134473,0.0066758897,2.589236191887922,0.007521678385973907
1.3826,0.009860644,1.4513149116313053,0.013691744195683172
2.5322607,0.0066132294,2.4898005802490797,0.007523016831851556
2.448949,0.009169734,2.389494913055475,0.010288076757117475
2.122342,0.0082531925,2.0703635054743996,0.009259430503840758
2.4313152,0.0053331796,2.490919051499666,0.006231448385502897
2.547592,0.0049596955,2.6438062600100265,0.007322020641021961
2.2785766,0.010700715,2.213010453446724,0.010550783817283148
2.2451224,0.005255987,2.319340512384831,0.007272158930799079
2.5383973,0.005188728,2.501117035284261,0.009004016314203169
2.5392265,0.0062770736,2.5494578785550686,0.008023620477251069
2.5394964,0.0026942668,2.555529173271548,0.0033787089948363533
2.3303177,0.010955869,2.3565092345098,0.011947942521140316
2.3682888,0.004138674,2.3838187775589064,0.005184797002594779
1.6797236,0.011456504,1.7394680179466557,0.012222237066993904
2.0061622,0.01162474,2.064207608410837,0.011680239625389707
2.3587987,0.004998106,2.3480222356769054,0.005551212458033515
2.2616198,0.004664448,2.274547881562235,0.006779303643981354
2.3422997,0.0090988,2.391224901683827,0.009986381651177375
2.3333282,0.005614752,2.3932274289021382,0.006215877897827577
2.3506863,0.0045337854,2.2998173275553087,0.0055084022230732724
2.4735577,0.0055629387,2.483394795855735,0.00769130459981478
2.5086083,0.0046382807,2.492300108731253,0.006393291998226288
1.0705192,0.011608408,1.123963247801328,0.01559102179109066
1.9175096,0.010796626,1.9142371717569253,0.01169260865594325
2.265469,0.005512573,2.230992124536003,0.006205782068394078
2.3280694,0.008147698,2.3632584122867724,0.008191920681803397
2.036759,0.011633183,2.0874726924783005,0.012573772452084998
1.661251,0.011942894,1.579662293015116,0.013532880022084285
2.468393,0.005057924,2.4449940077770407,0.006295916939458534
2.4527643,0.004583908,2.436502195749318,0.006374170775493766
2.2022567,0.007766243,2.227727125228677,0.013665543759702713
2.2613251,0.0043583526,2.3220211369730688,0.005763597589813619
2.4663432,0.0050780224,2.459397628707651,0.007127346727900208
2.469338,0.0036700068,2.4499873280094917,0.005422594036688959
2.2461822,0.0047167637,2.2459756637217425,0.006039575799317681
1.8581014,0.009712701,1.9711777814911524,0.009894214041182584
2.2413478,0.006789903,2.291277375624202,0.008998359353515738
2.3042572,0.0060127876,2.3298967534909325,0.010513654911312778
2.2566414,0.0063150832,2.2469690957912283,0.011164555823742402
2.2070131,0.005795116,2.3059850759798555,0.007124359407895913
2.3885312,0.0056472267,2.3529073928746125,0.01027307646275765
2.2247179,0.0060383696,2.300174772227423,0.008065399261664158
2.1475577,0.005794053,2.2299906635504025,0.007094246111937888
2.0593438,0.0072286087,2.056409440349531,0.008752889066057298
2.1979373,0.0077737113,2.2640218562572874,0.010976555401904117
1.9604492,0.01149227,1.9046322804938152,0.01108032784570828
2.0071898,0.007138555,1.9994971495383542,0.007394627709697956
1.9893126,0.008429517,1.936804489398456,0.009111927749500233
2.2161763,0.0036498378,2.1614777167944084,0.004881451740043012
1.8843799,0.010383687,1.9009262840193641,0.015670819297345286
0.93342805,0.010942184,0.9541272824013028,0.013742281461799602
1.6049457,0.012281655,1.5547312038837977,0.015610852119220728
2.2536323,0.0047642165,2.2683839723418555,0.008937199171210407
1.0677211,0.008578503,1.002290921477475,0.010949369540466604
2.175986,0.0053269714,2.252457705264406,0.006529178999231419
2.1955347,0.0075599174,2.21974156231109,0.008759053126639386
2.1570685,0.0050744643,2.113406281908772,0.00587605077448459
2.2056658,0.006821855,2.262021306865644,0.00820853361102261
1.3750699,0.0126544675,1.4042037940403864,0.014457579671442164
2.3053977,0.0051192855,2.289970843689791,0.007532830307498474
2.0804405,0.004540112,2.031635545623375,0.0056225876528672
2.2898707,0.004817917,2.3214955729178666,0.007692608368754964
1.9276206,0.008690435,1.8958188914046925,0.013169817490377666
2.3181884,0.0041713025,2.291721068088504,0.0074264177928251305
2.2603433,0.0059083854,2.224243800596896,0.006919145194398741
2.3212562,0.004481271,2.3063208981093033,0.005486193415840799
2.2520947,0.0027964057,2.2048315563988456,0.003154067975774483
2.084571,0.007372674,2.0872066011512005,0.012755456064049786
2.175313,0.006162796,2.1603313706695744,0.006645687452195909
2.199025,0.0049042683,2.233296963813195,0.0071314699847811955
2.120949,0.00801324,2.1860365000119657,0.008936606803108885
2.2386277,0.0060885693,2.2276312011902335,0.00932673886170971
2.1150646,0.0043216734,2.152404361663256,0.005265765181317156
1.8722517,0.006458,1.8834991226935682,0.007487996794684317
2.1817205,0.0037218994,2.194741888323726,0.004280060860680603
1.9674042,0.004935817,1.9736530580891205,0.0058603869363422125
2.2154176,0.005756753,2.1701552942996036,0.007751562319539221
2.0519266,0.006358167,2.0805645075562307,0.006127894813170929
2.2112417,0.004678113,2.2624492388150323,0.006688261814656776
2.157615,0.0059383255,2.1955976274844273,0.010035606066806625
2.1410663,0.009541066,2.0190162967431426,0.010394436858329434
2.221742,0.0041357167,2.2322654124239047,0.006519624890011433
2.02481,0.007302486,2.044331943266356,0.010685157937434915
1.8543168,0.0100608,1.8467026966609514,0.010265383157838766
2.133661,0.005425492,2.0867870022131525,0.007029048248342433
2.125989,0.0046747723,2.1435476454538764,0.005731311372609059
1.9991485,0.005827535,1.9541597737468903,0.006579376247272428
2.1505668,0.0055308244,2.17063100643509,0.008983275661278588
2.2060826,0.0047119358,2.1885371311897437,0.005629299249139281
2.122984,0.0068273274,2.070875766756778,0.008943013569256668
2.2459168,0.004990976,2.2411565843134165,0.008972483694957482
1.5732814,0.011251646,1.5431800679606866,0.010894291700734693
2.0099828,0.004439793,2.074016747996981,0.005370838255072568
2.0991619,0.006276214,2.093435206035679,0.008825124729928921
1.6863494,0.009391657,1.6267138325769037,0.009751036756258356
1.9946885,0.0051224944,1.955629280454814,0.006265510755727169
1.401476,0.008553245,1.3703272092232521,0.011410157831969848
2.1525378,0.0042263675,2.1692378931556817,0.0069009120620343815
2.229515,0.003646431,2.1945296891034074,0.004702793379251168
2.1337729,0.0057520536,2.1055747552044655,0.009707882566926621
1.9266223,0.007893269,2.036147189949504,0.009334300960288896
1.977023,0.0055651944,2.0881014520863572,0.006767744923025431
2.101105,0.005160469,2.0989870169385543,0.008710090180300351
1.8602861,0.009575955,1.8020152590684893,0.008665228308492172
1.9693977,0.0059362426,1.9694046031323833,0.005902065099194985
2.0362775,0.005678709,2.041789270389069,0.010733846386084891
2.0262039,0.0039287135,2.1012680433818196,0.00479991478631952
1.9981121,0.0069237333,2.0650736115186588,0.010014763184104658
2.0243359,0.0056659663,2.014905201780517,0.009907970024420395
2.0293853,0.0055885552,2.0914349816166213,0.008148117338255378
1.9723074,0.0048903497,2.0155901009314987,0.006847577527448973
2.133638,0.0045552216,2.0801221851058704,0.007663049494643439
1.9248564,0.0061153853,1.863836803068046,0.0063898326058360105
2.0407972,0.005422818,2.050763320107251,0.010090940434267077
1.9904426,0.0049348027,2.0511401990543727,0.005659329601857291
1.9684991,0.004418369,1.9673968388173835,0.005952115338466294
2.0346847,0.0043801353,2.0431879374510125,0.005361025180150774
1.0425516,0.011478551,1.103260922306496,0.013688956384408849
2.03236,0.0067847725,2.009241152340581,0.009688339593095792
1.8758937,0.010806956,1.8788374018460554,0.013072767752370413
2.0695407,0.0051771654,2.0503331659314292,0.0097275726725133
1.79393,0.0055943807,1.852692540832226,0.006514718977800793
1.2843443,0.0118269315,1.3361862544353535,0.013150601655579165
2.0556483,0.0038967058,2.126347336144864,0.0056495170288258885
2.05975,0.00519566,2.0344987927664633,0.0063801578941833584
1.9548132,0.0060360422,1.9286473362676433,0.0069408292600454825
1.9287758,0.0060393517,2.014880866322053,0.007615944492426995
1.751802,0.008826911,1.8258885405150087,0.010468020002021591
1.8852592,0.0069051483,1.9602404547053187,0.007120711330860371
1.840198,0.0036355664,1.8390839632781624,0.004668255191387463
1.7400086,0.006155563,1.7646760594631625,0.007070375710459235
1.9688057,0.0055363066,1.9972498967945285,0.006232216781293152
1.9051957,0.0052302214,1.908695583184055,0.004792505248643304
1.7797022,0.0049915505,1.7686460797536119,0.00579200596100106
1.9107941,0.005455732,1.960607905966252,0.00682937954301087
2.07762,0.0033748993,2.075092811979938,0.005699096300134317
1.9838502,0.0059552677,1.971412315037669,0.006845468029711755
2.0467103,0.0052489317,2.057047442782817,0.00766277066050404
1.8340998,0.0060670082,1.7895991849011896,0.008113376472759391
1.7032033,0.0051944815,1.7511083017547797,0.007655706551002686
1.8543812,0.004278529,1.8702706480651692,0.005175249302708332
1.5353137,0.00998139,1.5845888140367104,0.011258039584070071
1.9469955,0.0049511096,1.916887619434692,0.006204429292768604
1.9071223,0.0050695767,1.852857383943105,0.005789034576331158
1.9880055,0.0046624867,1.9410127018183752,0.005382010253862849
1.4326074,0.008364913,1.3798273154590703,0.009866605608034625
1.687951,0.0074506206,1.7186797400807696,0.009396286040628685
1.7866948,0.006677409,1.7558742090129393,0.008739351147194945
1.8646075,0.00714522,1.8483545940694455,0.007807072611317686
1.6185477,0.009132614,1.6873049198471786,0.013375413789877087
1.9094516,0.0048705316,1.875421109928367,0.005511944836527485
1.5380694,0.006137611,1.5994367593563215,0.008879787143083353
1.9521552,0.005312062,1.9266785817646668,0.006395769432347441
1.9321978,0.0049523455,1.9535042467451162,0.008827444992205901
1.130282,0.010482551,1.106359958342854,0.012742432746164337
1.7494267,0.0073044924,1.7831430032166524,0.00718626505526252
1.9259957,0.0042636488,1.8717543217268535,0.005658822514140062
1.7402606,0.008357601,1.652748233784095,0.007832285076502866
1.9949479,0.0030016073,1.9758933978729647,0.003807003607918603
1.9353576,0.0062866844,1.9122696060777455,0.011202173079420114
1.7072906,0.0070299413,1.6862795553708634,0.006448745311411226
1.3542442,0.009652114,1.4377669551350512,0.012677485123099014
1.9587328,0.0049617775,1.9370254721417632,0.008771011262634746
1.5807352,0.010743582,1.672940395574098,0.010954104783146682
1.8326869,0.008355231,1.8298075190359402,0.008734802728590996
1.811487,0.006716747,1.7850547837765764,0.008805518895449418
1.8705633,0.007083623,1.8885530054991213,0.008443020836934292
1.6055347,0.009181902,1.6030438507788876,0.012129835746605977
1.9357816,0.0048704534,1.9057026066825633,0.007994805345449262
1.771679,0.007864689,1.713955192334365,0.010083765069853375
1.6181645,0.006378698,1.5927630906828205,0.008763653111803328
1.9088502,0.003915535,1.9112338314293535,0.005637446080773399
1.8284163,0.004030783,1.8723980957914745,0.005236895024911951
1.771422,0.008779265,1.757744446020408,0.008656688911135644
1.6586074,0.0065890583,1.6148418050169744,0.008878735972488056
1.6392195,0.007276908,1.6429844184652096,0.012573518503559325
1.5722036,0.0063071647,1.5386875675791203,0.008326471089206852
1.7415869,0.0042769024,1.7660272562244348,0.005000155031472028
1.1874846,0.010160919,1.1546084876600642,0.014072073467576395
1.8467853,0.0044991253,1.8643348557018562,0.007934640692477382
1.7117416,0.00607735,1.7626565118439124,0.006477569814534566
1.6394392,0.004584756,1.7118715448225257,0.00650375583448251
1.7271945,0.0038750703,1.6764958470698554,0.0048401166903096335
1.8177592,0.008194412,1.787938350308889,0.008165877058007871
1.8863684,0.005179722,1.8599716319025175,0.006117795713490683
1.805977,0.0055079684,1.811986937240967,0.007118665518382364
1.8690248,0.005294887,1.8956660655385231,0.007720371127929661
1.8270566,0.006042863,1.786029394967936,0.006999240543765268
1.8561215,0.0032490813,1.8881381426081931,0.00432719016901466
1.9004622,0.0032748026,1.9135288295289061,0.005694838974204691
1.7769665,0.0078031365,1.7382007137483892,0.008480151839001318
1.7739977,0.005003428,1.8755856687863302,0.006914488068253327
1.289848,0.0071958858,1.2525373837371458,0.010223486398138587
1.8467088,0.005587369,1.7797680133161728,0.006650479411755967
1.6260396,0.0072343075,1.5396044972398009,0.008174340672335153
1.7983701,0.0062571834,1.7852795406693345,0.009580602725050668
1.7045354,0.004815164,1.7561456624875673,0.005547739234968594
1.87296,0.00601183,1.8247634742072845,0.008419240833389763
1.8107632,0.006722952,1.801921938193928,0.010542814125930902
1.7512167,0.0049851346,1.6944661956298137,0.005803384820720408
1.7343025,0.0052348617,1.8010946392559843,0.007000742089531552
1.6591368,0.0037037402,1.6359149338868362,0.00476256721344732
1.7899696,0.006014387,1.7889665152411074,0.00804556551495227
1.5672002,0.009129654,1.6225311687976072,0.009626915916560142
1.5790619,0.007654586,1.5253598905427908,0.007469781341352947
1.7082728,0.0045543583,1.6394410606657996,0.00566370537834506
1.8744367,0.0041654627,1.8416508091504344,0.006701572171704753
1.7057953,0.0058817044,1.7164269461784594,0.008171267877515227
1.9086834,0.004278495,1.8827275921031803,0.007460618604113825
1.6952357,0.007166928,1.7058694932951601,0.0109379444850726
1.7757101,0.0070086936,1.7686820322595116,0.007905295003810748
1.7481447,0.004720868,1.7458786775042459,0.00707720565463922
1.7991037,0.0061404626,1.7558758393843445,0.007140103427703091
1.8233446,0.004852592,1.7997150405878555,0.005422375840821795
1.765952,0.0044710427,1.8571941270950918,0.007188516282899194
1.2362988,0.008643421,1.2693405696101094,0.010576068254489169
1.8697269,0.0053949314,1.8155454444813282,0.007530964441624681
0.96564484,0.007965624,0.9297607312227689,0.00976656402122103
1.6874263,0.005500396,1.6693493866369422,0.008362574435394869
1.8280613,0.0038870075,1.8046744490878441,0.0066893696710296656
1.5037991,0.00597626,1.5320677634349655,0.008367224788650554
1.5688021,0.006636843,1.6621678379779299,0.010799823786444535
1.8486894,0.0044678273,1.7841383889880063,0.0056178944057044275
1.7809879,0.004425173,1.7341200703122408,0.006202498810563986
1.6711365,0.0049865157,1.6624960562549096,0.005808680323013252
1.6901834,0.0054981625,1.7225984782538375,0.01063730712956771
1.6712644,0.0046516047,1.6889679596000668,0.005196914720096834
1.3551891,0.0100696385,1.403549344510027,0.01156792743849272
1.415785,0.009400552,1.538929682877809,0.0091775907285275
1.784268,0.0028040858,1.782317728940161,0.004206838857620018
1.5964137,0.0065225777,1.6921240983105308,0.007942617608281428
1.4463044,0.0064973617,1.3772596508942603,0.007075913864331686
1.7307423,0.0052912957,1.7378958364128037,0.007134229349976127
1.7949574,0.0043646377,1.8034479795843457,0.005159836817681593
1.5234224,0.005503308,1.5029865612311035,0.006138880120841677
1.6533043,0.007577363,1.6780855964120653,0.008342205530542771
1.2808031,0.010076005,1.3210877296205228,0.01262265405023535
1.1934491,0.008650135,1.1590635896410468,0.010457031758337006
0.67637753,0.008455405,0.6174917663795383,0.011294374202127689
1.712689,0.0059432746,1.7490398443528867,0.007503656280907617
1.6342236,0.004546311,1.654899622897783,0.005607796801443364
1.8071855,0.004352785,1.8343715006710226,0.007356913580650567
1.8059944,0.0044000633,1.7933208638592186,0.005871895157618694
1.6976576,0.0055007185,1.7229101310268295,0.007100937783288892
1.5205245,0.006143683,1.4597926656426916,0.007021625581461153
1.4833096,0.010398794,1.4062398461428292,0.01219711204143071
1.7038996,0.005319608,1.6770928508509495,0.008927362074430057
1.7206542,0.005796044,1.6701957450304374,0.0066005219218415465
1.6735369,0.005982303,1.6862016752749578,0.007687293848166524
1.7442156,0.004751555,1.7266002222946821,0.005502609616961953
1.6607971,0.0036906255,1.6342226341645232,0.004380072994944527
1.0799499,0.0069344887,1.0716965504703935,0.009095590541927386
1.7594266,0.003806238,1.7720730498370958,0.007176460649307149
1.7233256,0.0040548993,1.764374733597062,0.005112718257829018
1.2113816,0.010605989,1.1875111900739543,0.012727434114412494
1.8007326,0.00400627,1.7634594960356396,0.006330009579604154
1.5613047,0.0052101654,1.6099297486727162,0.006314144761261927
1.6957291,0.0051414366,1.692049709711243,0.009506539350610488
1.4809846,0.0054576127,1.4484673851945524,0.006179278747891599
1.6626314,0.005947569,1.6708695586759144,0.008701689304123714
1.7852958,0.0030497173,1.7722197760633978,0.004556346764416269
1.7485164,0.0030591816,1.7787782477044203,0.005458635407680127
1.7493318,0.005241043,1.7188884879602073,0.007961842198018751
1.4498197,0.008182213,1.4385640610532424,0.009958831912641531
1.6219544,0.007653095,1.6186176393889538,0.008624130734302685
1.5935216,0.005286203,1.6873628371972775,0.0070412663030246
1.6016065,0.0057812375,1.6255772630588978,0.008442073880925122
1.720209,0.0041976054,1.7157919350459496,0.006707400663737484
1.705899,0.004784368,1.6800897142664042,0.007229528210909708
1.7461778,0.004557338,1.7839727325252868,0.007745568417328713
1.3753116,0.00831468,1.424941724554629,0.008236387618183112
1.3832978,0.006967061,1.356552350808997,0.00845893341991857
1.5550609,0.004940624,1.5126170732960493,0.005924549206848517
1.3388994,0.006420972,1.3540286996876167,0.006707985455792342
1.7659695,0.004188562,1.7503864939594291,0.005437688462798225
1.5996329,0.00444444,1.545851357950952,0.0057885064071525666
1.231708,0.007243199,1.2471945081290703,0.009208489020322641
1.6787668,0.0041306755,1.67660311648869,0.004897981717166723
1.5493287,0.004685241,1.5734255433848976,0.004800556206726155
1.7410402,0.003953355,1.717695101836318,0.007401702078585804
1.6659786,0.0045089754,1.6465074804811273,0.007219018141423079
1.5503883,0.005756689,1.6264461741001972,0.006865748272507582
1.5714946,0.0070080087,1.5351323100854832,0.010594201708832345
1.6906359,0.0046623996,1.6573183993554004,0.008109934550291308
1.6684227,0.004579755,1.7091133645648497,0.00563172102078416
1.7226355,0.0040171016,1.6825990364434693,0.0054129252943936725
1.7260314,0.0040300097,1.6983321805214524,0.005506077167124355
1.1049325,0.005652693,1.1065439393974812,0.00952434289119755
1.6950876,0.0039148484,1.6942153579249026,0.007632506066941765
1.6041678,0.005531556,1.6456426726328586,0.009170664863739617
0.90373546,0.010336476,0.8905353772200844,0.010300141130938426
1.7410206,0.0037565094,1.7248285255720999,0.0050760514148872
1.7059443,0.004861878,1.635012164293504,0.007259502678796252
1.4094796,0.0048732487,1.4057334362520404,0.006194683671854626
1.5846199,0.005053316,1.5228586929234844,0.006000487146574742
1.4949727,0.0062230313,1.5290188869021264,0.007427955810751562
1.6350076,0.0057559726,1.6281442622365838,0.00925783909048974
1.4564321,0.0060714525,1.4052057874279562,0.00586178391483085
1.5827007,0.006312315,1.5152545732096463,0.005446941754399169
1.1945506,0.008234295,1.1563367076291353,0.009633138539330675
1.5851558,0.0031865952,1.5119326732240488,0.003966958276843344
1.5308049,0.0058387932,1.5149851043018492,0.006839741588724759
1.6024601,0.0047277687,1.5959862180612683,0.008733381647586583
1.5191703,0.0052907187,1.525587398206377,0.007062088802480737
1.6755164,0.0034686883,1.6681967323442826,0.006429805167279456
1.6183513,0.0059953434,1.65079165420699,0.008222441318899085
1.674434,0.004066053,1.7023509660822258,0.0058252496090127346
1.2520299,0.008851241,1.1963069350218438,0.009610267510381009
1.6478014,0.0021579796,1.626495712453217,0.002660674831177882
1.5706376,0.0031738118,1.6325422774759129,0.004019968391736053
1.0374883,0.009910224,1.1124116315987829,0.010635243537905476
1.3055711,0.008439043,1.2590740690592164,0.008386314673323942
1.6185902,0.005551897,1.5549008361769487,0.0068755652893469545
1.6716166,0.003580559,1.5829988499595045,0.004571148337895143
1.3843738,0.007534297,1.4767695359635333,0.009847620594507268
1.6972702,0.0030891304,1.6795469980796849,0.005679755978739391
1.5210043,0.004017776,1.6037332387136323,0.005119719179161375
0.6761149,0.008695851,0.7186951764659864,0.01476498126216277
1.3710804,0.005713072,1.4628078059425969,0.010674004088111514
1.2911936,0.008777862,1.226208939613042,0.010181553392874687
1.457763,0.00442922,1.409893620702358,0.005099879269326724
1.6672645,0.003457887,1.668883035750234,0.006822210535772955
1.6276116,0.004844305,1.6686392062744275,0.007338271368477659
1.6567022,0.004555849,1.6200825964809957,0.006468482634176376
1.5590072,0.0038043903,1.525083723547614,0.005292510465076434
1.6302513,0.003804674,1.6654596159129613,0.006329838795773999
1.4641457,0.00690263,1.4632503735953974,0.01071579537864454
1.5492331,0.0062017622,1.5324206322745968,0.009142410903806329
1.6533041,0.0034774034,1.6628106727127072,0.006477429728520075
1.2303646,0.004972398,1.191541296297691,0.006212788769110037
1.5683825,0.004805382,1.5348764053782236,0.005750845749363053
1.6188899,0.004445456,1.630095595941746,0.007158070226685759
1.5325978,0.005040232,1.5665564801014848,0.008602704629410965
1.593847,0.0045975475,1.5725349957131265,0.0074957419924233425
1.4053937,0.007626049,1.3316932414257192,0.010886173994708372
1.6248285,0.0042412537,1.6147034399634483,0.008270427316481156
1.5871506,0.0043622633,1.5460307761273915,0.006247571343754997
1.2930444,0.0084058745,1.339524915799361,0.008031419162138393
1.5997005,0.0040532355,1.598350356509374,0.007672444956662439
1.4150789,0.007976667,1.4719678594894954,0.009008509866746447
1.2260891,0.0050551663,1.2669571104321353,0.006561994901793027
1.6084158,0.0040571443,1.6050808226755566,0.005761449129452345
1.5154653,0.0040414985,1.5040110386208945,0.003973228541079769
1.651113,0.004228826,1.6260156998756192,0.007231523283765222
1.490799,0.005773637,1.463291485019174,0.006462113454248576
1.633915,0.003975774,1.6214702633690359,0.007204109975029219
1.0621251,0.008013701,1.0547914838177512,0.008806272620727714
1.5918492,0.004448367,1.6003903362191962,0.007267461896256611
0.9339759,0.009319684,0.9123100163898629,0.011266560342490559
0.85282815,0.007888588,0.9000251523087558,0.009576021324083882
1.4504842,0.003593552,1.444009214514878,0.005168688536863687
1.6028355,0.0023939603,1.5951659630445134,0.0034493910457559424
1.5055579,0.004788749,1.4955854172908034,0.0066907172499131255
1.5385053,0.0041948645,1.4960830171412234,0.00519968026889014
1.5467464,0.005000846,1.5294132840348074,0.0069351528157757724
1.4546019,0.006261495,1.4444326261181293,0.008138890403334483
1.6135893,0.0036032803,1.5989801305409073,0.006095757932728745
1.5295384,0.0034391505,1.4742146761930581,0.003888129514098457
1.581942,0.002458118,1.574140581060424,0.003622968008398235
1.0525353,0.007847224,1.018268621621736,0.009920210023238894
1.5617456,0.003974798,1.5378744648774807,0.0045954718756302075
1.1843371,0.0066342666,1.2649068950217333,0.00798366115551523
1.3649628,0.00470214,1.4265897379808428,0.006397242332168459
1.5412743,0.0029400864,1.5386701232970164,0.0039410633436595295
1.4889079,0.0059676864,1.4292395378517377,0.006531967090732439
1.5793939,0.0040688873,1.5664826076860854,0.007340690375588392
1.4044151,0.006296681,1.426545282047626,0.00818925801446372
1.5630705,0.0042369016,1.5257050759711293,0.006019330884143378
1.4156897,0.008900106,1.4328972190009959,0.011972538428156527
1.4858761,0.004833989,1.4653421979458305,0.006232317259855098
1.5876533,0.0036810376,1.5622909187399154,0.006260833171714905
1.4631232,0.006251115,1.4534105492437757,0.007617646584459552
1.4664127,0.0046700165,1.4859575779466916,0.0058413508109168505
1.4316115,0.0066170567,1.4103590089302762,0.008585536330348762
1.609533,0.0035855328,1.569060658449285,0.005540749392995282
0.9676275,0.010273185,0.9026298719298933,0.011905523109220688
1.1382216,0.0058786506,1.1638470380522092,0.00871578827211513
1.5309647,0.0040920516,1.524023179211996,0.008020901204643069
1.1764777,0.00802847,1.2677203853333876,0.008488321359944926
1.5509236,0.002937604,1.5440688644750082,0.0046192891515098936
1.5463035,0.003972494,1.5242720249917647,0.0070581366569407306
1.1661719,0.005598437,1.1813135736627471,0.007197176771411987
1.4509988,0.0032451565,1.4157580276793844,0.003791849130039218
1.4793415,0.0058863116,1.479994504118116,0.008984092470681816
1.410223,0.0037527592,1.3900976135868965,0.00505406281443459
1.4082693,0.005286776,1.4768626867466617,0.00678296954163637
1.5884867,0.004103816,1.5372998184463558,0.0069945374552935645
1.2623676,0.008803316,1.2343432186093217,0.011911252820871921
1.1567801,0.0075368253,1.318509685302049,0.00944290331391915
1.435579,0.0042313063,1.5175930264981277,0.006333826593244312
1.1550756,0.008987289,1.177022277113122,0.010126674605947097
0.85877883,0.009043965,0.8756399314603022,0.010316957124839975
1.3997283,0.005501226,1.4093609137781975,0.008982171582152419
1.5440005,0.00549652,1.5318088734972328,0.008285045794930942
1.20953,0.00938755,1.2279831620473598,0.009979606802309436
1.3485013,0.0052828602,1.2845215600503188,0.005936080089918345
1.2457687,0.006286488,1.2554144333172839,0.007621598619541269
1.0053602,0.009729916,1.0416416578948136,0.012781579292470847
1.042716,0.0045556785,1.017712386810166,0.0069456793692645544
0.9235915,0.011093225,0.9917951842207295,0.010422713448344527
1.4176272,0.0059285196,1.4463836169643038,0.009358836047884945
1.5425302,0.004397919,1.5479715182806182,0.007042787998504911
1.5376899,0.004422024,1.5293545504201707,0.006638285217224968
1.5040351,0.004584175,1.4858258399309954,0.007223808167642134
1.408163,0.004863981,1.431544781765999,0.005499783296508117
1.5252569,0.0045137987,1.5293757396749996,0.008073235958675004
1.5378324,0.0039200825,1.532991045384863,0.007321055586376847
1.4898742,0.003850692,1.4723722187669743,0.006468543299435113
1.3178372,0.005915182,1.3559217750064576,0.006088132219054559
1.4270433,0.003126093,1.3725237736184077,0.004085069758953114
1.3273083,0.00587719,1.414721627575579,0.008798021070165944
1.4457984,0.0058111167,1.4556060423217445,0.009571329571785145
1.5032359,0.004219584,1.465098023905117,0.006004391961252312
1.1969175,0.007283815,1.3042575332590414,0.007850575584505116
1.111886,0.0077496204,1.153473212691954,0.007967461066691219
0.77453154,0.00765085,0.8167005814731021,0.01081250470847027
1.3988602,0.0043250257,1.4109065724360474,0.004725192827904663
1.3537337,0.004849653,1.4476694879894607,0.006214767398264833
1.417054,0.0057033817,1.4152898725770728,0.009064802999915024
1.2094522,0.009187758,1.191938230098381,0.007734474327650751
1.3544493,0.0037387584,1.3706845204985298,0.005146128437414268
0.44576654,0.0045198137,0.5274323692348696,0.00932850782885665
1.3859812,0.0063408427,1.3839257639441225,0.006434135997799275
1.5236021,0.003081089,1.4918840412548873,0.005326967787854354
1.4996927,0.0036701488,1.4972981408041621,0.0048505684323188174
1.3468685,0.0037731633,1.3266079712902843,0.004425201288747845
1.2153089,0.0036849845,1.1886880472308714,0.004974650852770661
1.4230548,0.0053579565,1.4123508995504497,0.009147877304530526
1.462858,0.0035561998,1.4224805806822873,0.005373597120122494
1.4941409,0.0032779002,1.4474429587974682,0.004866146458429602
1.4167707,0.004557959,1.3882649809785639,0.007841644432607717
1.4303071,0.003556491,1.40773315566594,0.0056435246955436995
1.0291334,0.005094949,1.023644348579367,0.006700650392340802
1.1264578,0.009769814,1.1001406058371528,0.009946956887268035
1.134092,0.006361746,1.1266492010807738,0.006256660995795402
0.8848957,0.0064501907,0.870214428912592,0.008207423628825133
1.4639177,0.004592324,1.449603471447561,0.008231180608509211
1.4701294,0.0053480663,1.447181294306711,0.007076641761014128
1.2136242,0.0048540873,1.2192177833233493,0.005758657385250896
1.3636665,0.005054636,1.4165065304785296,0.006303832376585592
1.4736961,0.004243837,1.4369524542447976,0.007203763501554155
0.86964387,0.0075757974,0.8270388728148553,0.009608453972241032
1.4166306,0.006137168,1.4245485731886016,0.008686808409972487
1.4890864,0.0036431833,1.4872189671493627,0.006797303431991135
1.4185944,0.004328843,1.3562200670309421,0.0051945459917964254
1.407138,0.0050547337,1.3337797827868905,0.007929081973930736
1.4554574,0.0022637027,1.4454364298385374,0.0029987411183130326
1.1834531,0.0077448916,1.2283530117307797,0.008625149051376122
1.3810558,0.0044197757,1.3769496625620303,0.006634067909313534
1.4465454,0.0034457867,1.4402004186241022,0.0042257455661317165
1.3922848,0.004745398,1.346478990313403,0.005550209817266903
1.4448283,0.005256815,1.3668548549104331,0.008018399603100777
1.0400118,0.0050456966,0.9658813506412128,0.00724183233341291
1.2259169,0.004733873,1.183666583297861,0.005786380258540873
1.2269744,0.005726204,1.2336616563086154,0.005615359249131024
1.4967399,0.003852468,1.4569670379472213,0.006377707412974292
1.4612824,0.0047660517,1.4316473662749103,0.007284826797998201
1.3955396,0.0039702356,1.3214167832796415,0.00500584250924933
1.0042223,0.005174521,0.9883821228743142,0.0077750524404644845
1.2993385,0.005077223,1.2697341148359436,0.006909174937051644
1.324754,0.0057338984,1.3777811872281416,0.006504527113533551
1.2204149,0.0052408692,1.187125462457057,0.005230008291187584
1.3836455,0.0043986468,1.3934363091344917,0.0052529714916556385
1.257934,0.004535017,1.2492498860021581,0.005446603998792751
1.3633162,0.0044225655,1.346459825673719,0.005771765558602026
1.3395394,0.006038549,1.3942744980943975,0.006845941789793742
1.4063945,0.0036554283,1.4069078861247744,0.006296238760837113
1.2221332,0.0061245644,1.3081228138562888,0.011213670307163212
1.2979395,0.0056277243,1.2805949122457079,0.0059521715280682515
1.4362012,0.0038550003,1.445624695154654,0.006519293573195266
1.4184501,0.004124263,1.3948540862195482,0.006940978151609813
1.353826,0.0039860476,1.356759220085747,0.004773647791326557
1.3002964,0.0043168664,1.2560786358774902,0.0053212601943780835
1.0204217,0.004933352,0.9587249185360934,0.006679304690891069
0.9295194,0.0051814085,0.9220268859578132,0.007859024607232245
1.3231993,0.0035096414,1.315230694341402,0.004338593844798179
1.0000494,0.0077619357,1.0684650999175314,0.008536438918720555
1.3774502,0.0042265966,1.3715025838563528,0.00644824560937728
1.2095491,0.005229909,1.2768830411089902,0.006087820172549513
1.1896776,0.008049307,1.2297763316479449,0.009924940425484882
1.0516834,0.006404734,1.082535551416574,0.008195695955328996
1.1505902,0.006909049,1.1916328695705798,0.007253031962804169
1.406287,0.0039170706,1.3935790910283588,0.00701805446295607
1.3595892,0.0033045511,1.405681296104448,0.004896543363012791
1.2557371,0.0064977873,1.2146007189334833,0.009894354698171308
1.2336245,0.003562524,1.2376977667444597,0.0041641649840972045
1.3876349,0.002830415,1.3677800482817606,0.004067974624428532
1.4141631,0.00397735,1.384574523702536,0.00679357451555566
1.0613384,0.0055985632,1.0208048204921198,0.006558844756097194
1.2594647,0.0039418205,1.3276290896253815,0.004868208494212664
1.088786,0.0051377923,1.0572779003989394,0.007684728817482198
1.31181,0.005945182,1.3321824591221645,0.008334358771785793
1.2382463,0.005623005,1.3098163572696835,0.008627859358023097
1.3273426,0.004348156,1.330180169405691,0.005449984285579298
1.2904364,0.0053173495,1.267761286949334,0.008486867053377258
1.4223794,0.0040548453,1.4329620249699557,0.006227194881044299
1.2515182,0.0038569365,1.2310018131946838,0.0043330729967012704
1.2838349,0.0042660423,1.371626861019746,0.005383261484800912
1.3177998,0.0042691785,1.2839506248428574,0.0062274464694066405
1.3556811,0.006155235,1.2466278672642765,0.008699847880453561
1.0801641,0.0059395484,1.1134001114671366,0.012029889870474606
1.360692,0.0026605886,1.388603279311442,0.004493894369665837
1.173291,0.0048638633,1.165225590511641,0.005386228677434754
1.046786,0.007363181,1.037496291740222,0.010255571779742931
0.45582846,0.00626868,0.45637703619395714,0.009646149675543508
0.50588816,0.00842615,0.48068874776331905,0.00896504819403704
1.1638356,0.00733215,1.104213588888046,0.008227071274572053
1.1424109,0.003449328,1.1070621917435843,0.004934432715015776
1.3169446,0.0046783783,1.2825755615436873,0.00751292875079621
1.3519989,0.0034103491,1.356710782455382,0.006176402427153054
1.3503085,0.005842226,1.338109005394467,0.007791978768970878
1.2697924,0.005021847,1.2545180908015476,0.006513653286775202
1.358272,0.004807174,1.3460852257773908,0.008813372888409629
1.3641493,0.0034638434,1.3443218419776075,0.006173865200096849
1.0786772,0.004959398,1.0936629757633203,0.006329637345958161
1.3904483,0.003440774,1.3748754725060013,0.006228901925856654
1.381579,0.0034093864,1.3752404957972963,0.0046259767045753325
0.8151228,0.0077423253,0.8919300334739677,0.009885731513582904
1.3383418,0.0043595117,1.3200493272152236,0.005863301837310122
1.3316966,0.003473501,1.3774064687206449,0.004977516704043002
0.88544554,0.00635062,0.8717989765434828,0.008351030318747685
1.1480393,0.004043035,1.2068008119735156,0.005126228932100896
1.1870611,0.0035090044,1.154901092577923,0.0042527295953387455
1.3356321,0.0031189376,1.3330828597683528,0.005266657270314784
1.2256048,0.0052275266,1.2507842959462303,0.010071890666696101
1.2996274,0.005736232,1.302758626505106,0.00986370384563953
1.0148268,0.004263673,0.9815986782690457,0.0056110798080453595
1.2453374,0.004816452,1.2487508172122306,0.005590631051045058
1.0965773,0.004752543,1.1582344742075747,0.005189056322480773
1.361211,0.004562883,1.3427490466220093,0.006403475932237013
1.3055192,0.0042429334,1.2699185824262338,0.007198115471647727
1.3405144,0.003821094,1.2971731599466847,0.006034788918567292
1.2963586,0.0049157497,1.2979159950844696,0.006322138207858663
1.1422122,0.0044967043,1.1354634416466232,0.006020429535364006
1.4143763,0.003926513,1.369470056123358,0.006739594077285333
1.2622633,0.0038254536,1.3087065797887323,0.005108752493085327
0.993038,0.0064324224,1.029536505286404,0.006297797585380815
1.3597487,0.0035429434,1.3410591755274857,0.005910299997456066
1.1798432,0.0033058417,1.0918692363528844,0.00431695002982009
1.3489782,0.0034241618,1.316387541478662,0.005874664236279824
1.1271087,0.003956165,1.1004621408406934,0.005001351265616079
1.3187106,0.0031727825,1.30504694873922,0.005304090551098191
0.9654622,0.004541877,0.9283587762708025,0.006850447170213441
1.056423,0.008608787,1.1154157726507195,0.010318517524003652
1.2669728,0.0023948597,1.27763632420458,0.0027512468500882105
1.0107175,0.0038236738,1.062730349235143,0.00627657613343387
1.1120138,0.0042673666,1.0835293060053948,0.004659309512091055
1.1602697,0.003195817,1.1934369634687432,0.004166905233313779
1.329786,0.004275218,1.334346277159678,0.006863597547848894
1.0550514,0.0041326303,0.9945743089934341,0.005592200334123053
1.1743087,0.0053028543,1.1267794270110172,0.006799733052223989
1.2901037,0.0030540575,1.2507123911999047,0.00378478893646799
1.338188,0.0041019046,1.3415695648024406,0.00739556200066807
1.1569732,0.0060366727,1.150506921284886,0.008806428522472601
1.3250457,0.004235474,1.3334889267957866,0.0064815826866852005
1.1510379,0.005253817,1.078730601281573,0.006273630817179651
1.1697353,0.006367467,1.175919872505217,0.0066387752243570256
1.2048447,0.0036316602,1.1776389548469355,0.004861417740773932
1.0516196,0.008531337,1.0214568327439015,0.010184130563471732
1.2114061,0.00429375,1.223837463318433,0.005178013265248087
1.2743948,0.0038898494,1.255664841455842,0.006141233025527763
1.3053089,0.00309583,1.3057963547799623,0.005541540907800096
1.1886449,0.0033481233,1.141061877574926,0.004070010267180864
1.0896921,0.005000986,1.0550169257917985,0.006473101270555672
1.2880875,0.0051014293,1.256363634203189,0.006246000820013003
1.2742372,0.0036389965,1.2556305075659477,0.004718191764775049
1.1353303,0.0046243635,1.1822921180098382,0.006139246395778894
0.8253561,0.0068135387,0.7630575093832959,0.008619759197649042
1.0950361,0.0057537765,1.0884582298428018,0.009843747148968745
1.2514523,0.004283922,1.2358801056259894,0.00721552558550575
1.3008261,0.0039746077,1.2830601080923918,0.0068715678633209844
0.80121505,0.0057797665,0.7810548166878494,0.007559537747279022
1.2682233,0.0039841617,1.2339734435979117,0.007621720151570533
1.2562382,0.0034632927,1.279883668310564,0.00602286788616818
1.2501925,0.004071442,1.2733448327978234,0.005681562326486518
1.2764001,0.0036838984,1.2546659635729727,0.006213658271107353
1.2636279,0.0035984074,1.228228137272041,0.005292103016886925
1.2009559,0.003657811,1.1537506166088964,0.004279346105040535
1.241898,0.00408515,1.1979660226988489,0.005976485893022119
1.1738014,0.0043896465,1.1589411196756738,0.007119855336825446
1.2404666,0.0036980906,1.2329013075506523,0.005201247075204837
1.3091522,0.0031121662,1.270772354527287,0.005589286114466812
1.3100808,0.0029973,1.2655023278194626,0.004445526329178719
1.3224922,0.003426743,1.2877189855097846,0.005688765466126145
1.0879292,0.0031294355,1.1504547076714844,0.003823109611660997
1.2542624,0.0036122866,1.2248368253123674,0.0059066254527985005
1.0507945,0.004431987,1.1239007270858345,0.004907628703059917
1.2418084,0.0039630984,1.2072232851343727,0.005784617334749517
1.174869,0.0066831657,1.146941701481824,0.007672852485521346
1.212967,0.0039003082,1.187701024568605,0.005957033169574158
1.209068,0.004384373,1.1849895350149318,0.005018742260368841
1.2803804,0.0053357687,1.2600772199946928,0.007967362484281435
1.1552548,0.0040835533,1.135791447376638,0.005971643664205307
1.2605635,0.004268679,1.2122210781431866,0.006080969532781092
1.1798611,0.0052748146,1.1916417250152627,0.008048300526992947
1.2161043,0.003344074,1.2306576858661324,0.004506903969223588
1.1559508,0.0025104613,1.1589627295827674,0.0030426317411034317
1.2696987,0.0035212443,1.233643501299857,0.006259174933659321
1.3031621,0.0041489373,1.2621297048696225,0.006933907692323067
1.2676115,0.002495561,1.2469441352062907,0.0038507314378379252
1.0699782,0.0048539382,1.1063359997595188,0.005658628679650405
0.99843925,0.00497687,0.957887813875103,0.005963716630896794
1.1907712,0.006711639,1.1878915701373856,0.007373343400747482
1.239364,0.0031332714,1.2195702646858906,0.005287089891236178
1.2815206,0.0030523944,1.271083931456931,0.005656004682363534
1.2578968,0.0033158131,1.250623102783471,0.004507248774295579
1.0641713,0.003220941,1.0509803881495265,0.004018005487313935
1.0660653,0.0048564663,1.0985666637073064,0.005910641203274145
1.2520481,0.0031908555,1.22000491520903,0.004721280328376144
1.22714,0.003855984,1.194150983877514,0.005572955663786929
0.9338501,0.004643057,0.8958943927068524,0.006336274139013173
1.2067847,0.002516564,1.2084523755885894,0.0037011896215958166
1.1520649,0.0044183927,1.1586106966741978,0.005225313034793312
1.2759026,0.0037819464,1.2413955652369164,0.006091576286766483
0.81983966,0.0051747197,0.7523771039300508,0.0076538392949241
1.12496,0.00471557,1.136925164097921,0.007447864221757351
0.9575253,0.0066712555,1.0373293860302104,0.009204125736939824
1.2453556,0.0029336691,1.2480638112533233,0.005532100788869391
1.2028717,0.004137599,1.1926031845953406,0.007493394282055499
1.0377556,0.005854395,1.048598464323101,0.00637726718950249
1.2304757,0.0037358373,1.1711900297252464,0.0056588381298700915
1.2224226,0.0028358651,1.2132733339749575,0.004774634343497091
1.1740222,0.0049469303,1.1738919902451714,0.009281089731806826
1.2549487,0.0032159835,1.246436792809219,0.005537254812615274
0.95804495,0.005487379,0.977909757934551,0.005926456359647922
1.1994491,0.003622198,1.2474994523923255,0.005717915014285528
1.2262603,0.0034466125,1.2041682781061782,0.006516710174157412
0.9932234,0.004551427,0.986536157399159,0.005760231518049548
1.190474,0.0047093364,1.211163479262192,0.006140468728187523
1.2044263,0.004719713,1.1759566839730013,0.007574963882185371
1.2563652,0.0030213282,1.228262889789763,0.0049882934693682495
0.8945415,0.004630857,0.861250701110316,0.006469993877000687
1.2031486,0.003330473,1.1906289200745548,0.006049189615658522
1.1494915,0.0038209949,1.1575673967688938,0.005145000597043107
0.9142757,0.007335438,0.9560336451303842,0.00742476620792955
1.0592822,0.005295018,1.0174317993425899,0.008988958733127727
0.6992551,0.006051413,0.687295842550828,0.007336095936468584
1.1254282,0.0044366443,1.0944520436920075,0.005224195552323529
1.0954211,0.0046380404,1.0793928085254618,0.00888684156487854
0.98139495,0.004014032,1.0486682859269174,0.005664539531575534
1.1088269,0.003889771,1.0669350295737643,0.005100071222859668
1.1111501,0.0032962542,1.1088131815049311,0.004005706657773623
0.8836341,0.005559599,0.8955607796569478,0.007186824499096246
1.1596026,0.0036298514,1.150712236209129,0.004102536335752863
1.2133386,0.0032831228,1.1852280557292152,0.005280198503871898
1.1405008,0.003639315,1.1183702800520003,0.004360103688834197
1.1599646,0.005918432,1.1512818102075548,0.007815506416780749
0.96790284,0.006005784,1.0420853121586051,0.009635067779986553
1.2020236,0.0031308292,1.2277249333444429,0.005401872646063181
1.1745095,0.003710703,1.1675126848598185,0.0061482719005276545
0.8799865,0.0047682524,0.842581175825139,0.006566447172617809
1.2033839,0.0031495031,1.2010370710207023,0.0058149546027243355
1.1225694,0.0060960623,1.0820788774032586,0.009282522923832918
0.9984062,0.0067555904,1.0378195001472035,0.00887068839326526
1.0386546,0.0036017518,0.9858295641988349,0.004379938312456364
1.2561125,0.0032083243,1.2272209643091347,0.006449680325415064
0.947948,0.004713283,0.9536634638725058,0.00555793475623765
1.2262646,0.0027208587,1.2065915002032124,0.004957048274690598
0.8524358,0.00840395,0.8755613587563481,0.008910905634663659
1.2120157,0.0035300956,1.2084729062641204,0.005933505562566298
1.1703758,0.0021658035,1.1726120575466659,0.0030836459426972942
0.8762239,0.00661735,0.811399275501242,0.008108611088707347
1.1292086,0.0045380685,1.146554536032738,0.006208341371568142
1.181312,0.0044223145,1.143475029904455,0.007587518381871156
1.1776919,0.0041542645,1.1519262246100748,0.004873988290668561
1.204517,0.0035562515,1.1686133196398145,0.004605728276832318
1.2204264,0.003034753,1.1779187157998776,0.005331352419403423
0.7172987,0.007568454,0.6672522458335265,0.007312696407411917
1.1984483,0.0034829513,1.1928981139310109,0.006194669851486426
1.0657067,0.0061458293,1.0617490157912353,0.010386652450414915
0.9733062,0.004765103,0.9402522142997098,0.005610699145613475
1.0379997,0.005382703,1.0337121679929717,0.009024112886300638
1.0929029,0.0043455036,1.0817942821718107,0.005371166845351436
1.1472023,0.004386896,1.130528417766307,0.006532526196490675
0.97824657,0.0068893232,0.9501678763648248,0.006656177636953905
0.9034554,0.004977453,0.8592888452970876,0.006182304757096862
1.0257188,0.004532222,0.9873638897502081,0.00570358971920967
1.1790755,0.0032564877,1.1875800878868212,0.005923568178071738
1.026094,0.0056770425,1.0564303506439114,0.009504356391095219
1.0390519,0.004012938,1.0039122977251422,0.004516595542033687
0.877621,0.003785,0.8218020421885962,0.004963088046126159
0.57439595,0.0064514684,0.5548716927805678,0.008751847106616797
0.97030705,0.0033500225,0.9558170742291789,0.004238432805749536
0.55717653,0.0068632727,0.5889319429740802,0.010209756035350537
0.7955503,0.0047977935,0.754223936377832,0.006411485447038805
1.1728874,0.0028183274,1.1732765225523405,0.00494476645372601
1.0194238,0.0040542935,1.0568317901822384,0.005194315067847793
1.1613903,0.0036946894,1.1649687449004356,0.006559691185110496
0.92384803,0.0034985426,0.9644526581939155,0.005124590252453198
1.1709193,0.0034930888,1.1680507906356545,0.006395027851275151
1.2030998,0.0032014286,1.1799521186834996,0.005639448375622679
1.0345881,0.0050218212,1.0642065552866877,0.005468929065284925
1.1011065,0.0032319762,1.0975848120849363,0.0036757947826189636
0.9841049,0.0029939106,1.0227159833391217,0.004131372411173211
1.1074492,0.005223972,1.1038471248433308,0.006827189308426038
1.0832711,0.002791825,1.090839910497276,0.0035586881939237603
0.3293791,0.0048817797,0.3250212815509554,0.006941893240371642
1.1072204,0.003812722,1.0999327550462439,0.004944219143545662
1.0735903,0.004297786,1.076320158143324,0.008907478641731626
1.0789293,0.0031433895,1.0346718256696983,0.0039886485181816955
1.1292355,0.0039781355,1.1324041446561273,0.007454574322016055
1.0561112,0.004060185,1.0023214068195645,0.00460325495207412
0.92703456,0.0075322823,0.9851843408515577,0.008837437443670637
1.0436635,0.0048990985,1.0066873974449015,0.005359664673764715
1.1152595,0.004649066,1.0979164465991031,0.008596779761637299
0.9759047,0.0045631435,0.9071664928454019,0.005224683522510753
0.938787,0.0037560947,0.9770449156202385,0.005414056782624159
1.1053253,0.003763411,1.068080705398514,0.005795547948909564
1.1737833,0.0032911072,1.1557267762872925,0.005589494126548818
1.136766,0.003321319,1.1626697239798478,0.005679047483072285
1.1388806,0.0033395514,1.1354201555784689,0.005926394457825883
1.0493891,0.00467215,1.040100580031972,0.006536133841931309
1.0957948,0.0038274806,1.086398426878883,0.006544221304976601
1.1397315,0.0032352356,1.0936642973310133,0.005024984106871526
0.82705575,0.0062396605,0.8170365713456657,0.007764268864525725
0.9298016,0.0039005796,0.8469151374483628,0.0046761886756520685
1.168588,0.0034666928,1.1472859301821523,0.006895625387406028
1.1315525,0.0029597464,1.1044953320208197,0.0047440267744889115
1.062497,0.004039672,1.0582625480891898,0.007721415753358935
1.1269869,0.0037126013,1.1139544851441376,0.00678388462324119
0.9329552,0.004498528,0.9514620062728106,0.006168565000665427
1.1103214,0.003036291,1.1065253140285698,0.0037277760364016524
1.0937662,0.0039367964,1.118899258366678,0.006199077293644721
1.1067852,0.0032536574,1.1158002247140784,0.00450903412165015
1.181692,0.0038583134,1.1037345551393318,0.0057796556759472885
1.0919393,0.0030441098,1.1367638295059983,0.005084376657875679
0.9863148,0.0048914524,0.9754887548833652,0.005484036217417425
1.1015259,0.0034308033,1.1369957503982904,0.00454926206870354
1.0802591,0.00369764,1.0637204651332755,0.006107135759361522
0.9474704,0.0026341933,0.9368227902178533,0.0033128846113816917
1.036333,0.0049241944,1.0945540697373746,0.00748159462184988
1.1281158,0.0029018759,1.0749914475542655,0.004257051980516572
0.55912083,0.0060345633,0.5936149303044821,0.0075104180272429315
1.0843825,0.0038083117,1.043166379250901,0.006566014740653714
1.1297426,0.0029069667,1.1482740608282183,0.005239659618260395
1.0920589,0.0025450045,1.0886170737995347,0.004294061745524133
1.0138793,0.0025102587,0.9919207483889504,0.0029745526151312342
1.1208955,0.0032221149,1.1010310494863047,0.006222690010281401
0.9867204,0.00376168,1.0449231896132676,0.005167076555026974
0.9446078,0.003399413,0.9364763607357642,0.00448896717384293
0.8886087,0.0041815806,0.900312153499862,0.005154446139422333
1.1004573,0.0034216582,1.0801679082396143,0.005761090813032827
1.0532792,0.0035705613,1.0541060105577413,0.005992044514603658
0.7810842,0.0076195197,0.7801553842014484,0.011134872679419613
0.8463962,0.0067812908,0.8842291145713943,0.00758009885014388
1.0551215,0.0032806473,1.03428410933687,0.004900937717175289
1.1335902,0.0031606946,1.1011621656465038,0.005902168068970586
0.6325927,0.006752926,0.6676789353596748,0.010188340482871004
1.0935681,0.0040223147,1.070142470437168,0.007440061773717201
1.0261948,0.0046433657,1.0087639307088108,0.007888541980228462
1.0588197,0.0036914207,1.0595074790330412,0.006780747526811713
0.90284455,0.00510922,0.9034080090155112,0.009317944835983171
1.1140149,0.0035140945,1.0902157432815254,0.005957753883666684
1.1187181,0.0030014894,1.0973262819192144,0.005593721967952372
1.12538,0.0028653143,1.099255280346002,0.004879218951836937
1.0960089,0.003438997,1.1130556846358464,0.00583290448011471
1.0053881,0.0034079442,1.0108613356387974,0.005296443498161263
0.99716175,0.004072416,1.020772343073915,0.006387903636668397
0.9827693,0.0043514255,0.9794201949665953,0.0053473748584338164
0.98169833,0.0050649466,1.0266146841176658,0.0069299892963086895
1.1081022,0.002891668,1.0740797083321194,0.005104890453078501
0.90080076,0.002606639,0.9012507924961681,0.003810851257323766
0.5059805,0.0067548826,0.5259304724509222,0.008072106848496942
0.9969513,0.0046321717,1.0044696442362795,0.007726870008231827
0.7179053,0.0058263363,0.7868649525784837,0.008282272457038765
0.7268775,0.006567091,0.6890657637341393,0.006948277719304028
0.980732,0.0039678426,0.9442731870954135,0.004775989030964496
0.87266564,0.0042324583,0.9083197776628104,0.004897420963736457
1.0915622,0.0038696649,1.0861248776639758,0.007189201055885183
0.9463247,0.0059111747,0.9548552319959143,0.010065924906204097
0.78439677,0.004153418,0.7627419298389695,0.005251324637272379
1.0724131,0.0027478836,1.0624752897626815,0.004367356838882503
1.005716,0.0027427895,0.9816706029433955,0.0034737119802437997
0.994531,0.0036407716,1.0073267604770935,0.004834896958060696
0.86168605,0.0034853881,0.8824268161236881,0.004554043838727791
0.8852165,0.007211329,0.8513690167687518,0.007590477155820212
0.77438074,0.0033216644,0.7869083873754646,0.005024078951022386
1.0976757,0.003069553,1.0822160326336001,0.005824822672789382
0.9049611,0.0076311245,0.8844970255563719,0.009811397258222818
0.8905349,0.0054975837,0.8562372663381443,0.009344034437997502
0.9906501,0.004131127,0.9770887541585027,0.006028621977510422
1.0271771,0.0039681275,1.0077865893218927,0.005390706830502649
1.0461667,0.00443794,0.9857468248927189,0.005874213259361936
1.045028,0.003890208,1.0494835217242728,0.0069727222450869444
0.81004006,0.006799012,0.8301207657725467,0.008318730762335538
1.0144479,0.0030538265,1.0174029390691892,0.0038720052062405246
1.0620213,0.0030780816,1.0420438610597325,0.0037814419780906826
1.035096,0.0045337775,1.092379940819254,0.006713276031454832
0.93263924,0.0025540504,0.9145959337111367,0.003125888430561603
0.8881738,0.004367963,0.8896233725731788,0.005321835734534768
1.0997647,0.0032881822,1.0573150006126975,0.005582330084816059
0.95062304,0.0032245507,0.924782013820766,0.003986482037499388
1.0760096,0.0032546043,1.041665659018051,0.0056629654966059316
0.8937837,0.0030736702,0.8907248398660923,0.00459942348324776
1.0027813,0.0030848251,1.012853612700854,0.00400347460997463
0.96928,0.0038684325,0.9550435671930722,0.006111968736957084
0.956433,0.0047075013,0.9201542534658848,0.005524152342801948
1.0626043,0.0027931193,1.0564478553338172,0.00506756435655972
0.9759206,0.0037655397,0.9305084432608836,0.004779518213219104
0.8347824,0.0034263337,0.8384497522940435,0.0049497549550295795
0.9531169,0.004978376,0.9351380917328056,0.007096249692574475
0.93087566,0.0071312343,0.9278186768289276,0.00737328745576072
0.9411826,0.0049295663,0.9727916786338489,0.00781043555452018
0.73961467,0.0051184683,0.7613127323777567,0.006140176590439411
0.9715367,0.0031056209,0.9873230040237899,0.003720246862517941
1.0451658,0.0036710917,1.026527311121638,0.0054927713974122555
1.0845896,0.0025378142,1.0654560815707201,0.004730932004921666
0.98699725,0.003920693,1.0303465282622832,0.005702561521631547
0.8687692,0.0035387848,0.8296697684899231,0.00441256563286335
1.0518464,0.003170525,1.0046781691097622,0.004954339075383263
0.7339963,0.00434482,0.6782224534989393,0.0065613297080788415
0.9861192,0.0036672028,0.9823512343767816,0.004920881860596496
0.88030225,0.0055214153,0.8633548140062313,0.009409279054893787
0.8963938,0.005856429,0.8724724817540177,0.008000747981296678
1.0402429,0.0031689985,1.033266072356751,0.005721487982306043
0.97948223,0.0042088195,0.9388852754384608,0.0050772263539052495
0.56609285,0.008229878,0.5812399958999585,0.008772468326623777
1.0257242,0.0044524013,1.0095695346195748,0.005657244546648777
1.0076362,0.004100138,0.9379885138047728,0.0051109399733978685
1.0053827,0.0031775488,1.0025911215179437,0.005323892375630669
1.0015484,0.0040383595,0.9758444836415014,0.006885812784889889
1.0000936,0.0035096214,0.9910021091608758,0.0042261520998940665
1.0628129,0.0030880126,1.038640016649092,0.004918952772655272
0.9992878,0.0033123214,0.9647593732883432,0.0052502509482762446
0.7879786,0.0068958206,0.8287944901758217,0.00848815390285184
0.805585,0.005877571,0.7554233777537298,0.007242971915012955
0.98441017,0.0044682594,1.0181774270953998,0.006881075819569419
0.89984924,0.0030266063,0.8619075830240364,0.003677479711058613
0.7620844,0.003918828,0.7096284635250987,0.004723591750480805
0.8764226,0.0033352124,0.851068780855977,0.004019050687257612
0.93074894,0.0049668467,0.9776303620879682,0.006569316489045195
0.879631,0.005447549,0.8614875545489926,0.0077717983086049046
0.82243955,0.0036296037,0.7836341264872297,0.00443467037748523
0.85590667,0.002616579,0.8495922664615825,0.0033020671145156904
0.9081433,0.0043461625,0.8837511664058514,0.007326120348182014
0.9780996,0.004526474,0.9836737266557419,0.007834958571020324
0.8008802,0.004372338,0.7743412659998538,0.004488450649635164
0.98411864,0.0029040903,0.953435128852137,0.004026074837735463
0.56147176,0.004544901,0.490927530604042,0.006427097696060117
0.99177617,0.0028230872,0.9535946350296644,0.004704895453823859
0.98458576,0.0032336763,0.9908243938639617,0.005980797511503252
0.94356453,0.004122923,0.9125546571679807,0.005701850755767677
0.9459137,0.0042793606,0.986635145319245,0.006453681732605472
0.640315,0.004228602,0.5810745192480204,0.005732766274543495
0.93023986,0.0036045169,0.9727576646858048,0.006313622930730895
1.0018153,0.0039289948,0.9627003039400426,0.0068760244312384335
0.78138095,0.005186296,0.7142997351422044,0.006155709746172602
0.9954288,0.0028049992,0.9773663083570862,0.00497425991337348
0.93473136,0.0024741918,0.8839268515636324,0.003127843100754637
0.97731286,0.0028780946,0.9317060953267675,0.0038798146959391224
1.0447264,0.0034416993,1.0288880346587996,0.006561237879753828
0.8473496,0.0043591927,0.9443352913389579,0.005877939009090712
0.9923575,0.003116786,0.9645545056646905,0.005697371603107719
0.75387496,0.0033097256,0.7158072326186344,0.005094458800344952
0.97753435,0.0035413948,0.9645492819320821,0.0063798477049447815
0.7423366,0.0048839096,0.7514405925438994,0.005828221862883937
0.82184005,0.0026732613,0.8063360103057484,0.0034420966073954017
0.9000299,0.004371761,0.9564202530338932,0.007488138095977374
1.0191522,0.0034504784,0.9900607350292663,0.006117700019261786
0.8063094,0.0049710674,0.7671443018478727,0.009423746742496653
0.91775227,0.003557422,0.9193624305035184,0.00411510200378652
0.9537185,0.0030030613,0.9567654135524342,0.004767637507401174
0.91143614,0.0048683044,0.890807716086666,0.005357379267935595
0.9448282,0.0034916073,0.9346467091220738,0.004443450655710172
0.9581669,0.0036044659,0.9561197057474311,0.00671749452549875
0.98535,0.0026111794,0.972735704733464,0.004419755456755166
0.94711727,0.003015657,0.9552882846589035,0.004339278939223039
0.8051846,0.0036386205,0.8261768701134794,0.004784094235280697
0.9744272,0.003580841,0.9598477471752836,0.007184099807505038
0.9402828,0.003486543,0.9539644993395872,0.005696480656611616
0.92634434,0.0034305959,0.9113098607844846,0.005189493779453909
0.93780977,0.0036481651,0.9064593486048522,0.004845918101419898
0.99761015,0.0034348727,0.9744180643096703,0.005756559573971182
0.8276817,0.0044020563,0.8421242751986068,0.005362651165314143
0.88629276,0.004254432,0.8498992200714411,0.005701743308040101
1.0121742,0.0031230613,0.9950957037314563,0.005021975098159041
0.8167361,0.004730605,0.7877996375343382,0.00605509785009942
0.96375096,0.003805042,0.9628139014704167,0.006059965431578002
0.95057684,0.0016571449,0.9556745474378092,0.0022514012133588784
0.93117326,0.0035868818,0.9030555805045059,0.005329346757909781
0.8688174,0.003992101,0.8415527399256123,0.005182399182127481
0.98336476,0.0027669978,0.9841765863144134,0.005183295696786843
0.87232137,0.0040893955,0.8930643655613674,0.007898390159301053
0.9397375,0.004408392,0.8809551104339933,0.005434071613615635
0.83697283,0.005504428,0.8966303140811837,0.00669415272508952
0.5830039,0.0064509767,0.5765996160760162,0.010502232623567745
0.96532273,0.002617701,0.9419658849182196,0.0045588491881620235
0.60787624,0.005635077,0.6319794104485665,0.007059563655698394
0.9084367,0.0031744607,0.9277604654652666,0.004448165330760097
0.640332,0.007835547,0.6557600214524275,0.01007034162022268
0.9506507,0.0030928995,0.9543064822891214,0.004645378781333925
0.9862757,0.0037789838,0.9489287873509291,0.007067521935339673
1.0354773,0.0035985915,1.0026234764426418,0.006376158602412529
0.7708215,0.003414369,0.800662756615221,0.004428259322884634
0.6195686,0.0038474493,0.6125268159806144,0.005665745347282949
0.76014507,0.0074670347,0.813054014623578,0.01058029571247016
0.9819946,0.0022049216,0.9725954124044686,0.0036456961673235273
0.96609044,0.0028591005,0.9477260708729637,0.004901384205080015
0.9760621,0.0030667756,0.9608615471875713,0.00564075246574562
0.9619209,0.003403877,0.9332981139112939,0.004466823560305391
0.97035706,0.0036981246,0.9674971954163133,0.005157009911822973
0.9729166,0.00375265,0.9685897303467449,0.00595333371801042
0.7813459,0.0041249455,0.7099804989700109,0.005277269275208503
0.7056266,0.005904409,0.7017925977417853,0.0069971588618817585
0.28683648,0.005740083,0.3309829135286169,0.009094902814124485
0.96613944,0.00263667,0.950552639338235,0.0049238580849930835
0.5570605,0.00376695,0.6090418614761032,0.0061337237698370324
0.7701847,0.005062116,0.7714586736290844,0.008968528372802624
0.9283678,0.0017991649,0.9383606069587161,0.002590633965195815
0.95148206,0.00327325,0.9041356010814788,0.004874265698954792
0.9308704,0.0021336463,0.9137481877044774,0.0030037114457542938
0.89929044,0.0013122972,0.8949502229053047,0.0017074686503766282
0.9342036,0.0030855169,0.9087110140003137,0.005527554387776801
0.91388947,0.0031886592,0.9375612803529637,0.005105416792228108
0.91140056,0.0037258186,0.9386141609888147,0.005294234473162268
0.80356693,0.0068671475,0.828945968157866,0.008791588645208768
0.92276853,0.0033137174,0.8889031689916663,0.005048736012227077
0.91262186,0.0029492541,0.8960991667832102,0.005650088459653973
0.9090942,0.0036558441,0.8724736407462788,0.0047057788567299854
0.74729794,0.0034428039,0.7243575147052838,0.004421019462052123
0.7764345,0.0031407839,0.7391670513728642,0.003558906707688341
0.9273959,0.002847305,0.9325965130301985,0.005024443010683344
0.9315081,0.0042290096,0.9537617339233598,0.006319406198739972
0.82482356,0.0051617636,0.7912866304053789,0.0060979369235578205
0.9598317,0.0038952897,0.9173750017118192,0.0063986262802630854
0.8481846,0.0037618354,0.9197127192965138,0.0054779365485591565
0.8391347,0.0053974087,0.8553538722030819,0.006411699273625408
0.8373753,0.00327819,0.8290622257499122,0.0039649676466544615
0.84443086,0.0037426094,0.8505994578595544,0.00596706285258538
0.9081034,0.003517671,0.9267884564112688,0.007004191504358914
0.81345844,0.005682859,0.8517560931146865,0.007707001157323847
0.9242708,0.0030880447,0.9003775840726813,0.00546221291374481
0.89981145,0.004114586,0.90080231853629,0.006580123895296285
0.719041,0.0050978735,0.7291463734599242,0.006881801586593812
0.89153594,0.004321968,0.8476512303909135,0.006467274735243657
0.92468214,0.0030859641,0.8986804679543474,0.004340012439335542
0.9286048,0.0029675392,0.915305829252562,0.004131582097626529
0.9494034,0.0025896668,0.9273239055496998,0.004312456660460922
0.9348449,0.0029748653,0.8864056396662489,0.004708096323886553
0.8940754,0.0030329989,0.8801666758787509,0.004208204318618332
0.8395303,0.0035970376,0.8220231207311877,0.004494962477411855
0.7058594,0.0051432773,0.7084197965835033,0.009103418913967348
0.8933293,0.0040073968,0.8941377997362103,0.0068946373399408085
0.8343656,0.004644819,0.8028578076273685,0.005614335550293546
0.8917224,0.0027976267,0.8887137256195461,0.005331384415492107
0.76554435,0.0045044324,0.7452778606856447,0.005188817443619719
0.8643915,0.003287811,0.8474412807259564,0.00526650567671498
0.92165333,0.0025443863,0.9125346847529967,0.004676925460082276
0.9254323,0.0038732474,0.8714575975995791,0.006684308270335791
0.7167689,0.003304531,0.7237357625941877,0.004062328372895197
0.77716064,0.0037437626,0.7343485269873341,0.004354516738227553
0.89633614,0.0036382615,0.9373541790335183,0.0063539336540822475
0.88094854,0.003937555,0.8579870873466554,0.004956240842035339
0.88645214,0.0036342263,0.9136403774534341,0.005657408801353037
0.8906597,0.0027690784,0.8875420899064699,0.004902032939045828
0.8463921,0.0071505145,0.827855464429714,0.008708461272100827
0.8619751,0.0036342945,0.8362258744192101,0.0068340124510186525
0.76068807,0.005196777,0.7177409782577279,0.006077015866336183
0.91438985,0.0030590543,0.9126102097234824,0.005326623497707038
0.5654331,0.005218395,0.5869285455461208,0.007074451141139558
0.5436429,0.0042627226,0.5682282159775442,0.006196718102460205
0.82864493,0.0032781109,0.8134835793033558,0.003713408830278942
0.7721879,0.0024172722,0.7177611714208343,0.0029229798198843384
0.61889607,0.0034321614,0.6100560111823502,0.0044873356650820175
0.7276958,0.0034143417,0.7487638455283129,0.004119572030280831
0.8754032,0.003717049,0.855091499983961,0.00491154818944419
0.8622935,0.0053122924,0.8622749560557335,0.006791504609912507
0.89805245,0.0031260196,0.8981681077747209,0.005913153316481722
0.90802294,0.0024800203,0.9131435971246934,0.004876104232110597
0.8707866,0.0032348514,0.8671668841522726,0.004156597650480284
0.85499007,0.0032996037,0.8359792728570791,0.005317411023460868
0.8787646,0.0031959475,0.8576330630035379,0.004739561884832571
0.68960935,0.0034613234,0.6848093403259138,0.0048959126340674935
0.718254,0.006021886,0.7387946086110381,0.007247179898885319
0.903554,0.0027697862,0.8798035172451276,0.004898065928042155
0.80734247,0.0035734442,0.835335598579728,0.006851469519121192
0.9327673,0.002259116,0.9117200271040523,0.004331665509137034
0.6875035,0.00296013,0.6642548851565893,0.0038296817749757287
0.34875944,0.0053630723,0.3697433618223916,0.0073665792002636085
0.59208953,0.0043458813,0.5477830571523513,0.006011873521752662
0.90153563,0.0023164933,0.9031464035367194,0.004419824491307208
0.8948615,0.0025390654,0.8977681076448801,0.004768236908810927
0.87016183,0.0034073703,0.813103248313587,0.005022252078731973
0.8624176,0.0027912674,0.8587352824263761,0.005225358534768839
0.85059893,0.0036658878,0.8090101502656093,0.006476988942562595
0.3544463,0.007825007,0.35289130192112983,0.008306790139911724
0.7270834,0.0050562834,0.7249452703915449,0.007969500554176773
0.8934984,0.0025297285,0.8638296719354319,0.004228171325454369
0.84452575,0.0040152306,0.8329143067746,0.0069809631129848304
0.8671791,0.0033440788,0.8294911782417905,0.005071003219039082
0.88593847,0.0031866275,0.8776383177106284,0.005049834891993556
0.80696684,0.0034588885,0.809738917943248,0.005010025972522568
0.6982864,0.0032121618,0.6946989260367384,0.003573127393425789
0.8307409,0.0030573695,0.85238060122146,0.005942082279778465
0.82995135,0.0025583718,0.8149381968210707,0.0031153261920189228
0.70695955,0.0023883525,0.7334048927607891,0.0036014183395275687
0.8780889,0.0026231406,0.8654156775676878,0.0042858554647964685
0.88207686,0.0035503518,0.8806832519845147,0.0061707734730750904
0.8675557,0.003115381,0.8378740384144252,0.004609288394904269
0.79659784,0.003923162,0.8136770258287449,0.005125650912736221
0.76682234,0.0036026018,0.7832717050450906,0.006741048825236999
0.84296936,0.0030691656,0.840871791226482,0.004348028740204379
0.84939796,0.0044786786,0.8426390189257775,0.006398392974829899
0.7806356,0.0033192716,0.7228368816459021,0.004178050439850788
0.8473431,0.003033423,0.8573406776948126,0.005286606075375128
0.88721985,0.0025240397,0.8645255241462401,0.0044246693302184
0.7035628,0.0028692218,0.7109193513134209,0.0035005196640168212
0.5883931,0.005770916,0.6235462505234507,0.007324253330613286
0.85579747,0.0046101296,0.8281043284896432,0.005776306106113461
0.88863486,0.00278186,0.8779177144481494,0.005483099384591437
0.7307472,0.0037087116,0.7082586682659352,0.003978263554018557
0.780878,0.004784066,0.7980922951885205,0.006904996726532304
0.6781215,0.0025103888,0.6770810352428327,0.0033139079435003356
0.84377724,0.0023453739,0.8388927578604901,0.0040312192719801215
0.7332368,0.004046161,0.7583562206312404,0.004792950695494693
0.3902928,0.004992657,0.4271195244313109,0.006864687961320526
0.73446023,0.003230498,0.7158019420471563,0.0038222282653983717
0.7780339,0.003078277,0.7200312306325316,0.003518999843046623
0.84628147,0.0032981636,0.8264564213143478,0.0054205704045316196
0.6645374,0.0035598169,0.658968075552048,0.004840617630221836
0.72794825,0.0032897561,0.7651922782381999,0.003951375042167991
0.86891484,0.0030913325,0.866325615577756,0.006002584524652406
0.7354431,0.0029768501,0.7405935411009305,0.0040478826042387355
0.84693927,0.002758247,0.8390997827814638,0.004977273603265658
0.8857916,0.0025426757,0.8569125084604045,0.004732346878434138
0.8117523,0.002984841,0.8448354409681877,0.004283929591483881
0.87301093,0.0027441685,0.8507800157433958,0.005334774462058416
0.8568537,0.003790382,0.8354685362099619,0.006061586413592228
0.8428791,0.0032467488,0.8115475141892998,0.005535356511355428
0.67145914,0.0033700252,0.6359733567155248,0.004275582039810864
0.67022383,0.0027903847,0.6959026309642549,0.0034856730993649836
0.72744465,0.0057586925,0.760508991694463,0.007587959345018992
0.6659126,0.0030255849,0.679223379561256,0.0036668861351950017
0.7507734,0.0041427263,0.744376627827522,0.007689782559585013
0.8587575,0.002671789,0.8541912507081707,0.005128426573571032
0.74493307,0.0032692405,0.7813120203831148,0.005119370142395886
0.8601957,0.002507296,0.8516574438407746,0.004690053719405665
0.7996673,0.0036062459,0.8028486502242859,0.005685255424717396
0.8635921,0.002562096,0.8420583735485122,0.004543702414759402
0.52095914,0.0036962896,0.5395550667614204,0.005029537376633004
0.6295788,0.0048800297,0.6624226599261197,0.006581602506201381
0.7365393,0.0048111137,0.7097248693235958,0.007394229435433493
0.8175086,0.0036981197,0.7626356629705761,0.006364137550046176
0.6549401,0.004384267,0.7135998121947225,0.005637309203138083
0.8550299,0.0029543845,0.8525512759650531,0.005078573327334021
0.5444277,0.0037748965,0.5661557696529428,0.0054593712962565264
0.7178007,0.0030756604,0.7093702666608863,0.003877141457957754
0.72737175,0.0036529214,0.6851838709219954,0.0042914597678944955
0.81880695,0.0027847148,0.7983675096948082,0.0040668477204843755
0.76637423,0.0032126585,0.7632421505351922,0.0045663823244839466
0.85372597,0.0027757618,0.8321981798931305,0.0050985534498863
0.7720821,0.0040095635,0.806935175053758,0.005862482281690164
0.6247396,0.0021375194,0.6496423674154724,0.003052934710461857
0.116137296,0.0021893934,0.1378501546033152,0.0058172161930948275
0.7764803,0.0035656432,0.779121264675404,0.006738157393802262
0.6283444,0.0049094767,0.6227844023425104,0.005225375882355004
0.76488394,0.0044873175,0.758237304299242,0.007495088249373686
0.7666455,0.003276947,0.7758560661331786,0.006370727186398341
0.860717,0.0024789458,0.8363118967567414,0.004312758475376942
0.6544342,0.0040793857,0.6529928416727467,0.004670403472352892
0.86813855,0.0021650337,0.8477938424559388,0.003914630942198139
0.8407221,0.0027343116,0.8328457082301877,0.004734906226380613
0.6433543,0.004436857,0.6851943556454142,0.005187345289324018
0.83964944,0.0032253743,0.79995731229691,0.005803402654339742
0.80608124,0.0037662743,0.7833546403278463,0.006081947572737194
0.61713845,0.0043533025,0.6683489023668522,0.005688720242745679
0.768845,0.0038884287,0.7572762085932344,0.007382439300404665
0.81633466,0.003129595,0.814443629869776,0.004321797262340086
0.85013515,0.0023251015,0.8380671961825162,0.004432008678894794
0.82127255,0.0037099894,0.7649981057541821,0.005253644539030621
0.8251927,0.0032067145,0.8263921642110018,0.004947048978623933
0.6605694,0.003192515,0.6432966144260855,0.003930107813240512
0.51000947,0.0048684166,0.53543228427868,0.005629410583681745
0.8675672,0.002619044,0.8494302898052786,0.004572116932638712
0.8296247,0.0023940166,0.8332662545355354,0.0037506401083092574
0.7793422,0.003482013,0.7594124166445332,0.005254544343043267
0.42105255,0.005153874,0.4370221948570692,0.007009052652804434
0.8079436,0.0028449667,0.7702182906377031,0.004486118633198614
0.67824376,0.0039714216,0.751385126718795,0.004865607757523015
0.6812709,0.0031568066,0.6345553420008095,0.003696316673974583
0.78050065,0.0031217763,0.7750965011015107,0.005145709470135125
0.8028364,0.0033161847,0.8134204365120753,0.0057908213790253855
0.80819446,0.003306078,0.8231527032492875,0.005985063120731038
0.7452213,0.0028725876,0.7331551935713232,0.0038826389745357506
0.8185794,0.0032499286,0.8058650843040313,0.004477397828041284
0.7053548,0.0038332432,0.7596157230300045,0.00633562692706494
0.72457886,0.0036299808,0.7014958529969669,0.004528916475025454
0.7929382,0.0032223691,0.7645140346845234,0.004668127832342597
0.6505052,0.0029048992,0.6413216712027197,0.0036395658857286454
0.80751145,0.002601248,0.7997206852077752,0.004467982757389218
0.8232461,0.002666929,0.8074754022301992,0.004537277270313628
0.7377376,0.002916204,0.7520237284982838,0.0037971650889412913
0.66417783,0.00336886,0.7219425099019665,0.004129793273825994
0.748618,0.003960868,0.7475081258337272,0.006632858901167304
0.7924181,0.002907856,0.7872580116202204,0.004032421726769995
0.787205,0.0025280796,0.7540411444526838,0.0037014518115912483
0.7656293,0.003569645,0.7490461778926726,0.005108215045024623
0.8268948,0.0024035743,0.7818222507258622,0.004113676916979067
0.7378452,0.0038780158,0.7646476339667724,0.005542858973740735
0.7444243,0.002972993,0.6990576065513819,0.004208279325336869
0.7702117,0.0036336235,0.746622212727148,0.005932711526986492
0.70397276,0.002678038,0.68579568421748,0.0031737133577843628
0.7314154,0.0046454053,0.6893312976396122,0.006006956111257869
0.7290871,0.004354548,0.7178147031238926,0.006923106049305066
0.7894021,0.0031973817,0.768285274257655,0.004253532354680783
0.7440228,0.0030706367,0.7597177336936599,0.004101300033711909
0.5567851,0.003898156,0.5411276111632378,0.004659286914575875
0.7699111,0.0026970007,0.7613777802775941,0.003849992101285604
0.67048055,0.004498291,0.6728087061322937,0.006282973549412705
0.73727,0.0029775857,0.7267029035183635,0.004681339696054041
0.8359017,0.0027388695,0.8100123601335614,0.004763096930258999
0.76894456,0.0031380076,0.7406863395640142,0.004860696506448109
0.8050266,0.0028201712,0.7739589034551,0.0050020187459223365
0.4592683,0.0034082527,0.42433338958175726,0.004921461953834803
0.39153275,0.0067393733,0.4546773911021235,0.007988632558348367
0.52340126,0.004398959,0.533604173358874,0.005166002419090001
0.76507294,0.0024377643,0.7472827907128059,0.004185694564688356
0.71833324,0.0040662736,0.6821858190011701,0.006917138192059532
0.7006622,0.0045598648,0.7084256993635004,0.008482707789098444
0.78896236,0.0030613746,0.7866689580576487,0.0060948872744148825
0.7519082,0.0029074668,0.7820768174425489,0.0050273770937139094
0.7586404,0.0037374957,0.7173031616607511,0.005479410410683269
0.5796413,0.0031123646,0.5739710696693837,0.004216974106457975
0.69825536,0.004446362,0.6935872240951947,0.007722843794629407
0.6492088,0.0038873206,0.6118280113783042,0.0044629068983169425
0.60695344,0.0072148973,0.6259752857449845,0.0065350006712745256
0.7871431,0.0023233583,0.7610886032892173,0.003950988754882271
0.76950496,0.002916965,0.7741450156152341,0.005866970700879503
0.7821894,0.0025216772,0.789110959514756,0.004570584762232942
0.7639872,0.0028088524,0.7356761646729207,0.004354768583596964
0.7328709,0.0030929141,0.7369713704839145,0.0038775651413281032
0.54627144,0.00391862,0.5824944671112291,0.007798859154976994
0.7694112,0.0030034583,0.7573680650267633,0.004933092321436158
0.76497483,0.0022421682,0.73232665801925,0.0032559710812071086
0.7728527,0.0024767797,0.7881363383133125,0.0041993732146118935
0.66519475,0.0055278586,0.6471235847869741,0.006726078362575834
0.7477104,0.0022442532,0.7443515139792714,0.0039125963043022205
0.61592597,0.00437566,0.6228645628794001,0.008470082515587894
0.7628637,0.002090501,0.7441158484965709,0.003139845340267009
0.487679,0.003838118,0.5038264071871134,0.005139250852968574
0.6977688,0.0032167379,0.6894183944867032,0.005990306191938207
0.56475776,0.003378972,0.6036983765851293,0.004442042163913999
0.1811948,0.003254974,0.16706070955173466,0.006103957830878018
0.78734404,0.0025406065,0.7904573235608595,0.004774353715074323
0.5305238,0.0030725843,0.5156230969410699,0.0038845191708905273
0.7802915,0.0020898178,0.7656521696816635,0.00398562428695383
0.63053066,0.0028753404,0.6167927559893375,0.0035748342058809436
0.74811125,0.003686218,0.7229451913889223,0.004631968992921209
0.73574543,0.0028338425,0.7101813334603458,0.00467482754589824
0.7193642,0.0033424904,0.6755095296419795,0.004465946610698798
0.6258983,0.0044765547,0.6410662706438996,0.0077253336005953235
0.71897155,0.0027863118,0.6837149748551494,0.0034321618094898558
0.7696437,0.0027224843,0.7716854039271837,0.0046839340717137416
0.63523597,0.0034914317,0.593576574903965,0.004082554722724955
0.35719204,0.0037071677,0.41433529294404536,0.008254486577443623
0.67750597,0.0029113519,0.6855653879257646,0.0033439441431751204
0.64069235,0.004751704,0.6770667362775871,0.008269280035300955
0.4720557,0.0055134827,0.5187691067857552,0.006936375304010664
0.27522978,0.0042230194,0.26747516313495867,0.0072689293464576615
0.47075948,0.003612735,0.4715544049697373,0.005799280309015901
0.59218633,0.0045634913,0.6590811558648396,0.00580972933390431
0.6886104,0.0034711142,0.74141428242905,0.007197607194638036
0.7367366,0.0027601507,0.7348046096011642,0.004793579948962135
0.7561581,0.0031772933,0.7382616535134322,0.005139624185373012
0.6796223,0.0027987636,0.7427209664710811,0.003910011632158284
0.4155243,0.004853841,0.3853563495425972,0.006008060001900151
0.53239834,0.0025772774,0.5680727257421867,0.003713744983394955
0.752665,0.002758682,0.7189586135668502,0.004444745246589629
0.3986858,0.0041961554,0.39858789476963385,0.0058895038754605425
0.61885095,0.004479961,0.6425545630058326,0.007009079608886521
0.5354304,0.0025376957,0.5492454599647857,0.0033961593415904857
0.6388201,0.0034326718,0.6633523200680648,0.004257119143931077
0.79919344,0.0034268964,0.773735344471071,0.005944042834428271
0.7386993,0.0028200578,0.741479522900588,0.005475752159928183
0.55248594,0.004811317,0.5744189847203292,0.006600822851851626
0.7744272,0.0021471733,0.7716062292696835,0.003799999372540382
0.7659093,0.0017880939,0.7624523578148702,0.002991628073864942
0.6536687,0.0027243432,0.6546271578352779,0.003582120069547137
0.74322236,0.0026728138,0.7517123763420167,0.00442622144611242
0.7017313,0.003809428,0.6363397707249917,0.006254915151728119
0.76886183,0.0027258554,0.7522116714488501,0.005319238346456206
0.7601676,0.0023308198,0.7359356485236239,0.0041349623698638364
0.7661437,0.0020340972,0.7494104698188516,0.003823257664117521
0.67932594,0.0032787917,0.6850986394487777,0.0043136369139051296
0.771796,0.0022065314,0.7554447083384178,0.004239851147122489
0.74790525,0.0024836094,0.7614827402527886,0.004798153216579585
0.7286935,0.0024271011,0.7298056760446006,0.004642280155524232
0.6852989,0.004848914,0.6483301731681484,0.005404029218748805
0.6871999,0.002442207,0.6807466045641833,0.003794347246169118
0.69836646,0.0037706413,0.6798940566817601,0.006917027719793803
0.40343496,0.0050766766,0.39276226536820275,0.006503840764549015
0.69640565,0.003046577,0.6664695443843087,0.004072061814392402
0.6674778,0.0025847494,0.6842059434307362,0.0034814811708628207
0.70585144,0.0026009027,0.6849140565673018,0.0035638464220085478
0.5745039,0.003092178,0.6098556656722767,0.004013455183943039
0.6683773,0.003348273,0.7208090284814446,0.004457625897384111
0.59823895,0.0055006593,0.5647855195524066,0.0063333708553278585
0.5714367,0.0026840707,0.5653346194536892,0.0029375049459511677
0.6770311,0.004944405,0.7015490092727636,0.006595055148103928
0.7057495,0.001723934,0.7021856082390693,0.0024457643326000053
0.70049495,0.0026745351,0.696829835766143,0.005280046111146626
0.7200712,0.0027244252,0.7470533024334249,0.004612451502021592
0.60133517,0.0032656896,0.5737364818166486,0.003807080826875732
0.2929979,0.0044520996,0.32637450476130303,0.006564395024688031
0.68449306,0.0035768887,0.699449491309786,0.0065251469925486924
0.7354585,0.0026645574,0.7294446726902112,0.0044887396090236295
0.73995084,0.0022396215,0.718975453270247,0.00376964084668029
0.5443058,0.0033946822,0.49532082303795144,0.004379269765247829
0.7599434,0.002003238,0.7316366081628835,0.0035726630869952172
0.5924892,0.0022672918,0.5634300959366623,0.002974222287207232
0.70196044,0.0030008263,0.7023084384709336,0.004948910392618118
0.5380704,0.003711744,0.5110018831765392,0.004644317467142111
0.54909176,0.0032476517,0.5505218790489433,0.004669750801663271
0.7005357,0.0030035044,0.6759914785744795,0.005894860870052552
0.4403351,0.0031644038,0.47010421275074454,0.004316021967658323
0.68802476,0.0038923172,0.6908393299064353,0.00718475129722818
0.53589046,0.0025092592,0.5240664761839904,0.003503592026388515
0.53780437,0.0026609867,0.5306626134273602,0.0034853667272263305
0.65562326,0.0028361045,0.6580118583827523,0.0037603226166534965
0.73175955,0.002547991,0.7123620494887376,0.004964061396329607
0.58204967,0.0035081394,0.6115992183811818,0.004276895843169828
0.60504603,0.003927322,0.6229404739833053,0.004807013486455276
0.67613304,0.003247226,0.6749833150591131,0.006255432063812727
0.7252458,0.003263503,0.7118086286451247,0.0055261461128683
0.60517186,0.0055429707,0.6347461729004054,0.0076048999080104455
0.6670454,0.0040085064,0.7010785924481775,0.005123358704422811
0.67300344,0.0030058434,0.6839705559883862,0.005727480993036745
0.72903043,0.002507349,0.7221559409802942,0.004490627839115802
0.19231135,0.0031902038,0.2421519035199147,0.0064320889841210345
0.5265204,0.004223506,0.543580439599413,0.005804359689538981
0.7218994,0.0025894858,0.6956902651988053,0.004495974785635876
0.58952063,0.0022632275,0.5825970843368931,0.003009234423905776
0.46281886,0.002983087,0.44412177882149095,0.004698626294850598
0.66349524,0.0025382077,0.6450375834339045,0.003636193874740026
0.55744743,0.005264053,0.5473562738848131,0.00576543235204272
0.5221331,0.0048295488,0.4995054429891037,0.005194059398445154
0.69625396,0.0022078457,0.7072262979718494,0.003992841622932354
0.6758316,0.0031132512,0.6609702271351736,0.004618692880193131
0.6854708,0.0027965005,0.6694005711916009,0.004356083374538285
0.7146806,0.0020858196,0.6969085449530592,0.0037239627591177825
0.66730934,0.0039448626,0.6812531385726549,0.006730916747609043
0.6619183,0.0030732658,0.6251210357127772,0.004107333372486832
0.58307093,0.0031533977,0.5298725588500893,0.004028598958024352
0.60079163,0.004425408,0.6057821103415684,0.007331718613488413
0.73021215,0.0021606989,0.7223154226555242,0.004175811109788764
0.7405421,0.002309359,0.7310910060216028,0.004507913008843853
0.7150126,0.0022099807,0.6873051113731432,0.003635745759826865
0.6528219,0.0029589855,0.6724985380024295,0.006029649420987683
0.5806307,0.0020578145,0.5775094129689133,0.0025897446294031157
0.69502974,0.0027649403,0.6538320217024272,0.0036298483152116096
0.47827548,0.006068595,0.45844578778677153,0.006512828228018738
0.69643193,0.0025603299,0.6554809624389004,0.0037531232827465295
0.495326,0.0025134846,0.45509212528050774,0.003696056895119218
0.6776724,0.0027981356,0.6751941484848122,0.004957889239575048
0.69817454,0.0027510182,0.6801864846741019,0.004903101739725084
0.7057419,0.0034325095,0.689664635876895,0.005405290553536826
0.6798249,0.0029424867,0.6497975456462167,0.00450193855092566
0.52247864,0.0040575974,0.5470021621004116,0.005101474393183636
0.5754698,0.002092188,0.5554002676275362,0.00290973938980238
0.6870704,0.0031466803,0.6481136537143158,0.005416096466134273
0.71371514,0.0024974514,0.6972991139408823,0.0042084875219229045
0.6458898,0.0035946858,0.6610672886670516,0.0060046572054378135
0.5469774,0.002465692,0.5150254121090231,0.0031941102241799463
0.6794394,0.0026734709,0.6668506532059219,0.004481740871976198
0.6650876,0.003048651,0.6388340385079244,0.004353584831174449
0.6031324,0.0038508833,0.5944127463717973,0.007275279066423938
0.59733975,0.0032848332,0.6262055062961932,0.0040426920826253125
0.3644803,0.0037029088,0.39208031789534603,0.006185670455396691
0.65839094,0.0034649395,0.6871410144116495,0.005594866381833505
0.683711,0.0023703938,0.6867481853804873,0.0041118922945141455
0.67045885,0.0022760225,0.6741909511125366,0.003938462338704936
0.6408791,0.0037522851,0.6444622432582098,0.004792090299167958
0.09984362,0.0023441557,0.1011448807843137,0.00466451059420451
0.57475334,0.0021143474,0.5470966642677602,0.0024809933601365594
0.6651205,0.002010317,0.6799642849782603,0.002937973899338618
0.7093526,0.0025430287,0.6845291093190997,0.004355552980713885
0.6583815,0.0027310834,0.6338895755733543,0.00502464292039707
0.67868763,0.0025443535,0.6600532410815019,0.004426228757608708
0.7016814,0.0021944654,0.6845154927036409,0.0041298417267866885
0.5295333,0.0016992956,0.5303965223529004,0.0024827864937922326
0.37250945,0.0025391397,0.4096907145316001,0.004160158342049085
0.6092544,0.003069044,0.6240544103911877,0.0036979047575240068
0.6179562,0.0029154879,0.605698290859929,0.003979615755307193
0.17074318,0.0024822187,0.25607497504228377,0.007282128016677489
0.6787156,0.0031445257,0.6392131378902657,0.005628787674932737
0.6142908,0.0031060535,0.6274905061060415,0.005431827263457799
0.63744473,0.0025304866,0.6459353124326892,0.0044058447740488345
0.558602,0.00418363,0.5596112197234903,0.007126190461936626
0.49290133,0.0028459516,0.455770304914872,0.0036921052364908336
0.65668553,0.0036426708,0.6277309813369325,0.004469705035078299
0.6504666,0.0027212843,0.6387627565340213,0.0037052746543239923
0.46258566,0.0032597124,0.4714026036896597,0.004331798002508767
0.66815275,0.0026913781,0.6567509730101828,0.00431458277734533
0.64850515,0.0021953606,0.6475550277862823,0.0036164353780553074
0.63404983,0.0028808988,0.6049693959902523,0.0038223216896992648
0.64813435,0.0030627681,0.6609741570622109,0.004676093176899523
0.6644733,0.002596306,0.6444366111117391,0.003973656730367775
0.4938669,0.004508331,0.5365914017481074,0.006111262661011901
0.39813974,0.0032329792,0.3641465185268813,0.003978132180352549
0.49156085,0.003877057,0.5104058479154809,0.0049349978542538335
0.64102215,0.0040050047,0.6233583002750491,0.005026531319009253
0.68115354,0.002292597,0.6764942406840763,0.004168360783265497
0.67492354,0.0021459141,0.6486587709654638,0.0035449297860641426
0.6627293,0.0025716927,0.6459743535578786,0.004241234109855621
0.6727214,0.002917379,0.6541890488562228,0.004990388817992563
0.67610407,0.0025819454,0.6543196213993268,0.005014540268314938
0.5827677,0.0034841779,0.6156523770416006,0.0039365165095012365
0.6606181,0.0020889242,0.6453790000986711,0.0034992878916567135
0.56478226,0.002979087,0.5215694655493719,0.003683698651027797
0.6089055,0.002736292,0.5776819254694626,0.0033537518808880993
0.6052708,0.0033114818,0.6050887496105964,0.005223814964997471
0.5660734,0.002652575,0.5939777136568553,0.003602771352587067
0.6316413,0.0036696242,0.6356925947185474,0.00662376348524174
0.68870175,0.0022042827,0.6706467798487945,0.0036094523577183514
0.31302202,0.0028266564,0.2855091114766419,0.004241517411514537
0.66638076,0.0025791463,0.6420067922570591,0.0035352327003670865
0.60163075,0.0027790822,0.5550158555367956,0.0034491520541379737
0.67002654,0.0024315268,0.6436876119338053,0.00433138988113927
0.39390394,0.0026924296,0.3637951392009111,0.004275307715132226
0.6881937,0.0022276046,0.6714838914677866,0.004011243599488377
0.6919928,0.0023904906,0.6727827531883743,0.0040502694362889976
0.6202346,0.0030453664,0.6347104935103177,0.005854397968948948
0.5848623,0.0041985144,0.5967876886628213,0.006196358658251865
0.4817775,0.0031857684,0.5330285688274761,0.0038376329545828907
0.5083709,0.0022649318,0.5000280370197492,0.0026239271956411125
0.5794545,0.0037348073,0.5572063652006305,0.005790021223182113
0.6469736,0.0027736707,0.6330279876610908,0.004747363926473019
0.66199976,0.002351893,0.6518670174232337,0.0036697787752616048
0.4021323,0.0045300503,0.35948919728950174,0.005044777563271286
0.5242759,0.0021869924,0.48199788198964205,0.0029921322603296556
0.6453461,0.0021927687,0.6399594127378796,0.003881962894507838
0.63664824,0.0028604206,0.6219630829398829,0.005020265546914314
0.5499134,0.0043320768,0.5553135799934609,0.005847806566803625
0.6260888,0.0021913263,0.6145163873253175,0.003704435082864522
0.4527251,0.003686235,0.4651712727398075,0.005152397090410987
0.3825112,0.0028550564,0.36926444381544365,0.004313033678186751
0.6271301,0.005467237,0.648199364152876,0.006831754018409509
0.6692594,0.002176659,0.6553759582839574,0.0037587676553191038
0.51532763,0.0033975374,0.5414822000354585,0.004078191128318549
0.49799073,0.0031911698,0.5359381600331296,0.003695839615312136
0.61367136,0.0015661952,0.5912032723563514,0.0019626100637877893
0.4719903,0.0046068863,0.5283693985083884,0.006084631965493791
0.5798365,0.0034930548,0.5769623588322487,0.005261887385527909
0.62939715,0.0030609213,0.5855520368062671,0.00471577257478388
0.6562575,0.0020549402,0.6269820718574867,0.003433116388661468
0.65931034,0.00241291,0.6419788379831889,0.004372098005440017
0.48630157,0.0021249298,0.4889073822569886,0.003010406031646141
0.58075625,0.0023155552,0.585822490678116,0.0034990687808860587
0.6481995,0.0015682912,0.6463821092511904,0.002709090490862081
0.6370033,0.0021504886,0.5966307127141512,0.0031938001698783866
0.44167194,0.0032270758,0.41765300382521514,0.004678514537918162
0.61042315,0.0022141263,0.6050034087923767,0.0039692441338442476
0.5611027,0.0033136487,0.5358057721772572,0.004337686413801636
0.6003551,0.0029743663,0.5688475549907607,0.004660314631198216
0.62569743,0.002725694,0.6117220044406749,0.004794072813642296
0.63170934,0.0022229103,0.6116088771364021,0.0039675206319042195
0.53165656,0.0044805612,0.4598965007587836,0.005548133926158122
0.41240248,0.0028236434,0.38896348525476165,0.003682308988683136
0.62338555,0.001991516,0.6112653349921743,0.0033652219404798566
0.63135993,0.0021888893,0.6349557783860019,0.003981065104216715
0.61788446,0.003686902,0.6272195543380941,0.006858390979569715
0.63659185,0.0019071582,0.6333216348370075,0.0037131587218449205
0.57874155,0.002807585,0.559503875752684,0.0040683926159683454
0.5416732,0.0025590188,0.5095350748455976,0.002967147361232445
0.6444513,0.0026681297,0.6379346232364465,0.004810822647795401
0.59106773,0.0023257171,0.5705879286984323,0.003385019704946693
0.64050967,0.002169245,0.645454259141825,0.004176808654920397
0.5982794,0.0028002926,0.5915206679297381,0.004549598060373719
0.4831504,0.003491399,0.4301547675359526,0.004944931976130031
0.54381245,0.0026447205,0.5507063511192845,0.0030665255945173486
